;Maio de 2025;Abril de 2025;Março de 2025;Fevereiro de 2025;Janeiro de 2025;Dezembro de 2024;Novembro de 2024;Outubro de 2024;Setembro de 2024;Agosto de 2024;Julho de 2024;Junho de 2024;Maio de 2024;Abril de 2024;Março de 2024;Fevereiro de 2024;Janeiro de 2024;Dezembro de 2023;Novembro de 2023;Outubro de 2023;Setembro de 2023;Agosto de 2023;Julho de 2023;Junho de 2023;Maio de 2023;Abril de 2023;Março de 2023;Fevereiro de 2023;Janeiro de 2023;Dezembro de 2022;Novembro de 2022;Outubro de 2022;Setembro de 2022;Agosto de 2022;Julho de 2022;Junho de 2022;Maio de 2022;Abril de 2022;Março de 2022;Fevereiro de 2022;Janeiro de 2022
;Total;;;;;;;;;;;;;;;;;;;;;;;;;;;;;;;;;;;;;;;;
;N.º ;N.º ;N.º ;N.º ;N.º ;N.º ;N.º ;N.º ;N.º ;N.º ;N.º ;N.º ;N.º ;N.º ;N.º ;N.º ;N.º ;N.º ;N.º ;N.º ;N.º ;N.º ;N.º ;N.º ;N.º ;N.º ;N.º ;N.º ;N.º ;N.º ;N.º ;N.º ;N.º ;N.º ;N.º ;N.º ;N.º ;N.º ;N.º ;N.º ;N.º 
PT: Portugal;7800668;7130729;5563681;4173779;3669550;4151486;5015151;7570229;8442778;10538303;9049614;7828625;7689493;6541951;5730508;4279170;3453292;4045091;4574288;7384027;8238579;10146558;8816485;7456723;7144581;6837609;5085292;4015685;3434232;3727766;4252017;6790071;7691275;9959209;8665889;7180852;6499189;5999962;4012532;2922077;1993952
1: Continente;6585964;6016288;4587854;3376573;2938793;3420168;4134260;6443001;7193180;9113604;7708578;6636194;6527379;5520653;4785232;3510393;2787371;3367287;3764453;6307940;7030094;8755968;7515345;6319205;6074077;5825349;4188649;3294678;2749783;3055572;3492098;5770680;6560686;8612450;7402468;6072800;5488565;5075227;3297815;2442312;1585554
11: Norte;1431403;1282414;990986;751274;672920;840470;954270;1319779;1480273;1857934;1502696;1301539;1343584;1126950;995542;749648;631211;820410;809076;1259788;1418077;1732291;1429710;1222633;1230630;1190754;857634;690781;600832;739346;739381;1127059;1245424;1641848;1340013;1110295;1069023;1007139;664922;525143;347052
111: Alto Minho;94698;83831;56980;40169;36687;60047;54901;75659;108000;176406;123991;91618;88201;69559;57479;40167;31787;61198;40543;75093;103547;165190;124284;83553;76432;82527;45058;39256;31847;47643;38329;67842;91257;160781;117979;84320;71808;71462;44783;38613;25958
1111601: Arcos de Valdevez;7854;8483;6508;4419;4583;7747;5853;7583;11025;18865;13957;9842;8275;6962;7114;4858;4019;7695;4161;6795;9444;17035;12294;7849;6448;8109;3118;3177;2791;3998;2638;5805;8641;15629;10788;8051;6379;6719;4924;3944;2747
1111602: Caminha;12656;10355;4886;2715;2871;5398;4268;7794;15299;26805;17991;11327;12314;9116;5629;3131;2261;5978;3489;8625;15465;24019;18184;10518;10040;11380;4229;4041;3035;4536;3458;8422;13295;23931;18247;12063;10141;9319;6096;4596;3104
1111603: Melgaço;4867;4676;2987;2157;627;2165;3456;4253;5185;9068;6188;5084;4493;4225;2738;2131;287;2369;2603;4283;5709;9243;6214;4001;3997;4811;2507;2028;413;2379;2616;3718;5758;10043;6055;4756;3790;4187;2244;1795;343
1111604: Monção;3467;3422;2860;2204;1842;3404;2576;4174;4932;9846;5155;4674;3297;3131;2625;2133;1597;3498;2378;3886;4755;8261;4839;4109;3180;3973;3201;2377;2157;2467;2222;3369;4079;7932;4824;3929;2842;3481;2375;1977;1096
1111605: Paredes de Coura;1166;743;349;27;116;412;341;424;962;2881;1659;917;899;677;409;183;102;637;170;321;989;3189;1561;933;933;1079;439;127;72;270;187;670;1198;3426;1502;1121;763;435;206;229;201
1111606: Ponte da Barca;3217;3143;1861;1265;1268;2189;1668;2248;4123;9961;4725;3074;2444;2205;2485;1642;1185;2245;1554;2806;3802;8490;5423;3446;2953;3628;1930;1827;1513;2171;1823;2862;4132;8022;5102;3827;2875;3026;1716;1669;1362
1111607: Ponte de Lima;10953;10437;6940;4806;4648;7220;6417;8931;13091;24941;16178;10304;11218;8377;7253;4806;3895;7483;4531;9320;13257;23771;17930;10946;9873;10213;5206;4583;4221;5677;4041;8384;12021;21112;14968;9810;8496;8612;4518;4717;2833
1111608: Valença;6721;6520;3495;2807;2303;3984;3789;5606;9500;10860;7491;6151;7094;5325;3931;2625;1977;4086;2565;4777;6912;9676;6334;5571;5553;5954;2874;2393;2476;3688;2858;4929;6449;11156;6895;5916;5263;5263;3466;2556;1644
1111609: Viana do Castelo;37561;30959;23224;16473;15554;23112;22018;28990;37351;51289;43118;34048;33248;25245;21007;15740;14066;22113;15680;28370;35900;49018;42493;29764;28486;27053;18182;15550;12765;17857;15437;24370;28248;46066;40005;28697;26811;25108;16466;14257;10428
1111610: Vila Nova de Cerveira;6236;5093;3870;3296;2875;4416;4515;5656;6532;11890;7529;6197;4919;4296;4288;2918;2398;5094;3412;5910;7314;12488;9012;6416;4969;6327;3372;3153;2404;4600;3049;5313;7436;13464;9593;6150;4448;5312;2772;2873;2200
112: Cávado;117804;99877;74747;53055;48935;69032;70224;103505;130988;177528;137758;110910;111508;89368;66834;54706;47112;65448;60026;95111;120543;167932;141025;107495;104038;101537;62854;51048;42243;62843;61684;91814;114169;169571;132992;103079;97205;90161;55729;49739;29663
1120301: Amares;4786;2940;1820;1240;1078;1766;1522;3043;5291;10856;7412;4357;4281;2965;2174;1320;684;1878;923;3329;4909;10689;7424;4166;4199;2930;1347;1236;826;2131;1434;3215;4594;11651;7020;4805;3396;3282;1487;1035;649
1120302: Barcelos;8429;7125;4924;3320;3079;5182;4314;5721;8677;12032;8064;6387;8249;6939;4175;2885;2525;3599;3291;5472;7858;10858;8516;7358;7481;7153;4840;2660;2863;3174;3903;5789;7045;11178;7518;5911;7413;5685;3683;2156;1245
1120303: Braga;66852;58449;51359;38202;36827;48608;49703;63010;70231;82046;67070;62893;62504;51586;43656;40106;36050;44738;41380;56889;62498;76155;67872;57952;59263;59395;42111;36962;32094;44568;45756;54257;61969;77495;64265;56548;57798;55243;39334;37741;22155
1120306: Esposende;21372;17675;8410;4511;3311;6265;7246;17633;22870;27838;24405;18258;20976;16530;9827;5207;3942;7221;8783;16497;21812;26279;23637;18992;19301;16520;9154;4920;2797;5460;5664;14954;18542;26027;23372;17040;16588;13123;6250;3795;2145
1120310: Terras de Bouro;11884;9791;4864;3794;3054;4421;5181;10861;19944;37809;26645;15816;12579;8746;4819;3515;2441;5804;3584;10365;20045;38093;29437;15744;10772;12610;3757;3924;2427;5075;3266;11543;18911;37499;26679;16099;9907;10318;3970;3854;2586
1120313: Vila Verde;4481;3897;3370;1988;1586;2790;2258;3237;3975;6947;4162;3199;2919;2602;2183;1673;1470;2208;2065;2559;3421;5858;4139;3283;3022;2929;1645;1346;1236;2435;1661;2056;3108;5721;4138;2676;2103;2510;1005;1158;883
119: Ave;64107;61294;46890;36731;36373;45813;47629;55685;72250;99892;75909;62203;59435;53594;47516;35694;30366;47982;40817;58342;67453;96111;76446;54403;51926;55884;39580;34278;28601;38767;37064;50243;57557;97433;68139;56034;47708;48999;34064;28404;19720
1190304: Cabeceiras de Basto;1505;1401;1300;659;685;1239;1209;1422;2430;5081;3028;1549;1857;1337;1206;495;180;934;744;1219;1338;3122;2093;1243;1463;1196;791;? ?;? ?;898;541;989;1683;3768;2670;1530;1204;1253;851;328;92
1190307: Fafe;3209;3413;1910;1533;1217;2173;1594;2323;4086;6252;4201;3208;3021;3126;1873;1716;1422;3160;2527;3048;4188;6198;4421;2616;2383;2710;2059;1520;1148;2317;1514;2529;2514;6807;4587;3170;3053;2707;2187;1439;861
1190308: Guimarães;36726;35169;27672;21397;21488;26823;28509;33223;40596;50859;39588;34528;37129;32905;30122;22337;18292;28821;24219;35030;37961;50863;40690;29660;31146;32298;23402;19606;16766;21918;21277;30259;32587;47812;32625;31771;28717;27779;19674;15566;10881
1191705: Mondim de Basto;4864;5171;4388;3816;4035;3853;3992;4782;? ?;8442;? ?;? ?;4324;? ?;? ?;3513;? ?;3679;3184;4325;5223;8192;6978;4794;3750;4938;3241;3508;3117;3516;3048;4133;4785;8225;6447;4518;4299;4490;2936;2968;2451
1190309: Póvoa de Lanhoso;2198;2121;1668;913;751;1491;1390;1241;2326;4298;2074;1638;478;1297;1276;1087;967;1609;995;1701;2317;4086;2384;1828;1227;1951;1177;1191;712;1524;1576;1415;1683;4756;2625;2602;1432;3047;1943;1594;356
1190311: Vieira do Minho;5840;5300;2764;2736;2603;3547;3206;4226;6780;13589;10060;6863;3608;2893;2245;1602;1610;2866;1818;4107;6742;12398;9440;5939;3464;4165;2043;2131;1688;2445;1628;3487;5479;13800;9683;5687;4374;4506;2206;2180;1800
1190312: Vila Nova de Famalicão;6792;6233;5429;4234;3963;4937;5626;6271;6545;8130;7696;6389;6041;4948;5057;3429;3192;4632;5693;6174;6992;7693;7680;5846;6184;6073;4714;3922;3537;3918;5638;4892;5677;9099;6658;4167;2845;2652;2545;2228;1616
1190314: Vizela;2973;2486;1759;1443;1631;1750;2103;2197;? ?;3241;? ?;? ?;2977;? ?;? ?;1515;? ?;2281;1637;2738;2692;3559;2760;2477;2309;2553;2153;? ?;? ?;2231;1842;2539;3149;3166;2844;2589;1784;2565;1722;2101;1663
11A: Área Metropolitana do Porto;979461;883614;699072;537994;482340;572856;671112;929421;973870;1112837;965309;870282;922937;786411;718035;531211;455607;548685;579541;876371;936093;1033195;896978;826349;856483;801958;623974;484083;434782;499770;520442;766829;803846;946825;833496;715584;716057;661930;450651;335013;219663
11A0104: Arouca;3169;3002;1830;1575;1350;1837;1865;2572;3790;7570;4796;3242;3264;3157;2118;1589;1340;2473;1492;2897;3646;6668;4426;3442;2768;3836;1689;1985;1326;1704;1250;2948;3680;6259;4446;3163;2999;3798;1693;1782;967
11A0107: Espinho;15490;14171;10029;7969;8265;10472;9540;11308;15815;22116;19454;13629;13037;10491;9260;6659;5875;9830;7398;11632;15698;20224;18962;13372;13070;11998;5926;6555;5857;8528;6256;10583;12997;14035;11848;10233;8989;8308;5112;4108;2883
11A1304: Gondomar;8494;7933;6930;5842;6047;7692;7921;9378;10191;13587;10635;8356;9130;8025;8348;6631;6609;7718;8048;9860;10551;13954;10999;8771;8054;7209;4605;3765;4053;4237;2326;4266;5784;8553;5500;3629;3302;760;185;395;401
11A1306: Maia;32821;30299;22915;18480;17858;20641;23561;31573;33203;37410;31660;30616;32741;28004;24862;17551;16847;20617;22180;31032;28286;33724;31003;30076;31505;29423;23784;16863;16632;17189;21312;29116;29358;34365;30857;28043;30546;28087;18287;13827;10476
11A1308: Matosinhos;59374;54315;36941;33889;33015;37642;45214;60548;62343;73094;63555;57923;60814;50715;45225;36279;32600;36613;42851;54020;59542;68351;59355;55789;54745;52191;46159;33574;33173;38854;39769;53426;56120;65249;59853;51652;53827;48737;33150;27552;20558
11A0113: Oliveira de Azeméis;4126;3578;2434;? ?;? ?;? ?;2671;3210;2800;5188;3690;3256;3702;2804;2537;? ?;? ?;2666;2322;3199;4361;5435;4140;3626;? ?;? ?;2429;2791;2148;2948;? ?;? ?;3632;6243;4533;3384;3011;3425;1894;1954;1275
11A1310: Paredes;6116;6739;5076;4426;3658;4367;5272;7396;7400;8632;7174;7632;6715;6548;5943;4173;3189;4433;4725;6775;7653;7862;6457;7569;6696;4761;3722;2644;2323;1894;4195;5420;4979;6260;5334;5070;4964;4711;4028;2280;2435
11A1312: Porto;654987;594608;483585;359042;316040;368666;448133;622933;637349;701963;622221;576214;621112;533510;487228;356819;299926;352286;384194;595891;626068;656969;573895;541758;571474;536004;423009;323711;284247;322861;341948;507945;526988;597001;531700;464101;464179;430589;298131;208755;124970
11A1313: Póvoa de Varzim;31008;25757;19045;13990;8705;12418;14212;25241;32953;42587;35923;28235;28370;23271;19109;13625;10536;12954;11572;25112;32213;43534;36338;30237;29977;27371;18915;12737;8926;12077;13353;24943;29751;40833;34736;28001;28405;21718;12439;10160;6412
11A0109: Santa Maria da Feira;11841;9594;7191;7190;7197;9206;8822;10274;11279;14698;12464;11136;11678;10893;9190;8002;7611;10969;8919;11299;12346;13829;13046;10889;11542;11526;8607;8204;7135;9289;8205;10206;10684;14173;11260;9050;8898;10198;7200;6446;5783
11A1314: Santo Tirso;7899;7304;6618;5960;5407;6060;6708;8060;8692;9921;8944;7874;8821;6368;6959;6139;6019;6266;6356;7150;7837;9207;8302;7532;8426;7173;7830;6144;6871;6461;7044;8165;7995;10842;6204;4329;4602;4470;4145;3498;3401
11A0116: São João da Madeira;? ?;? ?;2533;3094;3253;3503;3374;4309;4506;5182;4356;4038;4527;? ?;? ?;2663;2509;3397;2781;3880;4693;5487;4780;4683;4474;4133;2510;2585;2471;? ?;3115;4319;4143;5693;? ?;4519;4321;4414;3042;2728;2059
11A1318: Trofa;? ?;? ?;? ?;? ?;? ?;? ?;2249;1446;2138;2004;1948;1777;1491;? ?;? ?;? ?;? ?;675;846;1291;1722;1977;1519;1499;? ?;? ?;1280;1131;1196;? ?;? ?;? ?;1174;1502;? ?;1039;1456;1386;1287;1162;737
11A0119: Vale de Cambra;1076;1118;? ?;459;546;609;533;690;1244;2959;1892;1409;1382;915;1074;763;557;1076;674;1035;1292;2640;2083;1297;1286;1281;633;402;331;828;371;674;1299;2270;1688;984;900;950;354;341;235
11A1315: Valongo;8780;7792;7097;6535;6014;7020;6367;8013;8619;10564;8102;8350;8900;7479;8036;6654;6435;7717;7333;9138;9282;11188;8608;9116;8824;9232;8328;6630;6850;8164;6577;10215;9997;11669;10353;8816;8192;8523;6896;7554;6613
11A1316: Vila do Conde;13841;11893;8391;7008;6399;8294;8232;13149;14449;17806;10649;12463;13503;10831;9888;5640;4838;7102;6232;10072;8898;10728;9495;8033;8377;7607;4933;3885;3630;4359;3916;6806;7847;11387;9117;7178;6553;6283;3829;3337;2700
11A1317: Vila Nova de Gaia;113843;100464;76632;59339;55570;70743;76438;109321;117099;137556;117846;94132;93750;79178;73627;55012;47624;61893;61618;92088;102005;121418;103570;88660;89851;83527;59615;50477;47613;56559;57190;83850;87418;110491;99727;82393;80913;75573;48979;39134;27758
11B: Alto Tâmega e Barroso;30250;31460;23943;19000;16925;20095;21925;26907;36648;57845;37628;31327;26643;23833;20364;19282;15230;21327;17799;28983;33712;52180;34636;27162;22619;29871;16862;18659;14370;19716;15331;27806;31685;50747;32387;26025;22613;26163;14023;15402;11186
11B1702: Boticas;1460;1559;1244;1062;1365;1337;1232;1048;1572;2647;1288;1010;790;911;1061;876;717;1131;691;1039;1420;2493;1307;? ?;1036;1519;? ?;? ?;? ?;? ?;443;1231;1540;2964;1404;1051;? ?;1403;? ?;? ?;? ?
11B1703: Chaves;19470;20212;15249;11637;9005;13646;13832;18265;24720;35253;24674;19909;17476;15009;12706;12104;9556;13370;11305;19611;22607;32214;22728;17584;15265;19688;10620;12519;9305;13122;10719;19996;23035;32764;22370;17058;14845;16313;8721;10026;7250
11B1706: Montalegre;1880;1562;1479;1082;1285;1672;1311;1040;2265;5871;2989;1837;1715;915;1023;696;831;1001;784;1915;2549;5381;2723;1707;1024;1243;634;844;837;1196;701;1450;1414;3619;1766;1433;1457;1959;891;855;379
11B1709: Ribeira de Pena;3823;4276;2837;2465;2636;1502;2912;3426;4154;6550;4651;5031;3843;4292;2995;? ?;2168;2813;2405;3489;3667;5960;4648;4312;3122;4684;2552;2286;1721;2397;1866;2825;3101;6067;3669;3957;2906;3947;1852;2084;1674
11B1712: Valpaços;1134;1283;574;684;876;558;570;450;1097;1987;1105;577;556;658;627;? ?;353;477;565;649;1022;1841;655;? ?;475;312;? ?;? ?;? ?;? ?;288;630;639;1585;638;660;? ?;651;? ?;? ?;? ?
11B1713: Vila Pouca de Aguiar;2483;2568;2560;2070;1758;1380;2068;2678;2840;5537;2921;2963;2263;2048;1952;2149;1605;2535;2049;2280;2447;4291;2575;1958;1697;2425;1742;1598;1209;1315;1314;1674;1956;3748;2540;1866;1605;1890;1205;920;1117
11C: Tâmega e Sousa;49849;42920;29676;21041;19184;25995;30043;39005;48748;84316;59908;46402;44872;35364;30505;23917;19843;27619;23405;39068;48576;77320;57246;39354;36389;37205;21712;20692;18189;25580;21149;39149;47410;78005;57383;42499;37037;35296;22147;20349;17274
11C1301: Amarante;9388;7634;5065;3237;3249;4530;5425;6730;9012;14468;11489;8640;8042;6175;5363;3732;3575;4865;4241;6967;9258;13436;10469;7278;6698;7703;3825;3528;2889;4613;4075;6516;7969;13364;10247;7478;6921;6687;4981;3906;2890
11C1302: Baião;9103;8054;5216;3132;3326;3433;3602;6396;7705;12808;8551;7035;7195;4763;3547;3122;2334;3677;2627;6302;8093;12444;8973;6746;5576;5670;2542;3151;2820;4443;3269;7124;7708;12949;9529;7997;6441;6789;3442;3415;3322
11C0106: Castelo de Paiva;3794;3436;1644;548;774;2859;2852;3579;4853;5747;4700;3753;4014;3016;2503;2049;1879;2373;2243;3650;3796;5498;4691;4079;3389;3191;1804;2023;1848;2375;1889;3540;3964;5685;4541;3505;3954;3777;2340;2025;2062
11C0305: Celorico de Basto;2709;2624;1515;1048;1096;1748;1836;2647;3128;6807;3568;2285;2845;1492;1256;1265;904;1848;865;1650;2785;6684;4280;1985;1982;1768;819;1012;548;1230;755;1744;3178;7616;4815;3008;1745;1834;944;1073;975
11C1804: Cinfães;2029;1803;1508;1035;502;877;1019;1361;2469;4979;3090;2420;2173;1666;1290;1167;305;971;613;1645;2377;4649;3094;2022;1776;2084;1294;1027;352;848;548;1768;2481;4634;2966;2140;1647;1637;681;1048;406
11C1303: Felgueiras;3038;2634;1833;1515;1320;2156;2187;2361;3070;5355;4104;3221;2969;3039;2684;1820;1918;2396;2114;2592;3005;4939;3736;2867;3107;3006;1955;1743;1527;1651;1471;2053;2734;5449;3475;3197;2422;2243;1588;1279;1167
11C1305: Lousada;4263;3659;2455;2293;1816;1827;3436;3814;4015;5555;4743;3595;4222;2950;2885;2589;2423;2700;3020;3617;2006;3492;2756;1090;1947;2335;2002;1519;2672;2566;2092;3253;2534;3928;3318;2615;2543;2135;1599;1465;1812
11C1307: Marco de Canaveses;2161;1762;2130;1319;1016;1273;1027;1867;2703;5855;4064;2519;1940;1193;2136;1608;769;1173;892;1619;2105;4651;3021;1766;1261;1204;654;616;529;1038;682;1300;1904;4238;3502;1498;905;1024;494;372;380
11C1309: Paços de Ferreira;2911;1983;1619;1321;1034;1417;1693;2126;2475;3814;2652;2221;2262;1634;1466;1062;962;1101;1130;1777;2164;3095;2799;2136;2264;1794;1429;1133;1197;1246;1342;1635;2171;2835;1948;1624;1594;1552;1227;1215;1122
11C1311: Penafiel;8353;7389;5549;4482;4222;5022;6021;6526;6674;14213;10248;8616;7241;7897;6316;4653;4228;5605;4811;7561;9765;13955;10545;7634;6796;6681;4623;3969;3167;4668;4369;8552;10629;12783;10448;7579;7535;6329;3821;3642;2713
11C1813: Resende;2100;1942;1142;1111;829;853;945;1598;2644;4715;2699;2097;1969;1539;1059;850;546;910;849;1688;3222;4477;2882;1751;1593;1769;765;971;640;902;657;1664;2138;4524;2594;1858;1330;1289;1030;909;425
11D: Douro;71868;54663;39648;27170;19074;28310;39955;66116;82485;98133;70759;64177;66959;49604;36237;27373;17425;28950;31046;63188;81287;92071;69259;61908;60899;56153;30861;25993;18769;28297;30592;61117;74131;95181;69380;59850;56703;49505;27441;23128;14131
11D1701: Alijó;7339;5396;3333;1299;1153;2157;3129;6481;8762;8076;6070;5607;6001;4309;2680;1444;779;1524;2168;5675;7345;7355;5541;5460;4846;4213;2355;1613;1196;1583;2640;5441;5813;6759;5485;4909;4737;3753;2054;1416;797
11D1801: Armamar;5685;3561;2852;1134;502;1506;2133;5052;6210;7302;5025;4424;3949;2756;1747;994;554;1719;1481;3582;4987;4141;4203;3753;3865;3125;1345;1166;481;1410;1459;3133;4178;4663;3667;3347;3415;2599;536;239;238
11D0403: Carrazeda de Ansiães;761;596;338;340;206;483;607;977;1113;2749;2321;1302;1094;698;330;407;240;484;523;754;1539;2772;1953;1131;1280;1069;851;590;471;992;319;1421;1773;3468;2024;1398;1055;941;433;374;47
11D0404: Freixo de Espada à Cinta;1741;1679;1594;1166;837;1154;1204;1731;2388;3627;2358;2161;? ?;2123;1656;1135;716;1050;947;1629;2034;3402;2242;1621;1223;2044;1063;1074;687;1001;804;1581;1889;3974;1757;1468;1040;1784;1104;975;433
11D1805: Lamego;18455;14472;11416;7555;5205;8044;11256;17541;21381;21948;17956;17546;18357;13217;10400;8054;5335;8167;9895;17392;20612;20269;17772;17357;17860;15200;8947;7164;4537;8114;8981;17292;20059;22344;18206;16332;16595;13138;8247;6897;4367
11D1704: Mesão Frio;3065;3074;1956;1241;991;1212;2260;2673;3253;5140;3445;2994;3171;2587;2089;1712;1362;1297;1773;2805;3410;4923;3565;2527;2837;2535;1287;1474;1141;1559;1794;2653;3262;4632;3127;2614;2620;2644;816;1387;1174
11D1807: Moimenta da Beira;467;? ?;419;301;? ?;320;413;305;543;1221;845;751;632;? ?;? ?;? ?;? ?;307;342;? ?;? ?;963;701;? ?;372;473;333;315;366;279;? ?;? ?;505;882;676;340;321;299;? ?;? ?;118
11D1707: Murça;? ?;? ?;? ?;? ?;? ?;? ?;? ?;? ?;? ?;? ?;? ?;? ?;? ?;? ?;? ?;129;? ?;? ?;? ?;188;261;? ?;? ?;229;? ?;? ?;347;? ?;? ?;190;209;456;? ?;? ?;? ?;? ?;? ?;? ?;218;? ?;? ?
11D1812: Penedono;? ?;? ?;? ?;? ?;? ?;? ?;? ?;? ?;? ?;? ?;? ?;? ?;? ?;? ?;? ?;? ?;? ?;? ?;? ?;? ?;? ?;? ?;? ?;? ?;? ?;? ?;? ?;? ?;? ?;? ?;? ?;? ?;? ?;? ?;? ?;? ?;? ?;? ?;? ?;? ?;? ?
11D1708: Peso da Régua;8536;6292;4965;3778;2818;3460;4868;7711;9259;10843;7342;6802;7648;5548;3614;2800;1926;3234;3209;7120;9096;9774;7665;6728;6913;6566;3595;2704;2054;3335;3321;6965;9329;11365;7442;6691;6749;5486;3238;2434;1735
11D1710: Sabrosa;4494;3052;1298;472;432;458;1571;4088;4880;5349;4512;4380;4863;3157;1721;740;589;683;958;4684;5306;5208;4749;4641;4232;2951;1287;829;583;549;1265;3838;4334;4480;4379;3762;3797;2917;1268;442;568
11D1711: Santa Marta de Penaguião;964;668;209;123;139;318;217;760;1520;1857;1410;947;981;613;334;159;? ?;290;117;910;1576;1952;1118;794;639;552;120;72;916;1447;984;1257;1579;3318;1987;1570;1401;1285;384;366;52
11D1815: São João da Pesqueira;1856;1273;671;480;355;837;951;1719;1743;2342;2196;1719;1776;1399;857;? ?;? ?;603;828;1630;2028;2204;1649;1763;1444;1323;? ?;? ?;? ?;604;927;1766;2313;2714;2237;1962;1733;1452;799;688;237
11D1818: Sernancelhe;1120;832;948;975;392;735;1010;1461;1527;2354;1510;1439;1605;1342;1139;632;643;1240;869;1466;1872;2796;1656;1355;1346;1386;648;842;614;597;559;993;1301;2388;1734;1242;756;1113;368;694;461
11D1819: Tabuaço;3796;2431;1352;723;462;549;1091;2770;4279;3749;2229;2894;3036;1748;1112;928;488;825;893;2758;4824;3997;2637;2735;3163;2652;1144;772;519;737;1087;2993;4117;4839;3290;3247;3215;2796;761;788;284
11D1820: Tarouca;1549;1423;1176;978;852;881;1052;1461;2108;3803;2350;842;1782;1432;1106;1044;716;1355;753;1485;2077;3547;2242;1597;1211;1522;915;1023;657;? ?;? ?;1473;2034;2902;1621;1296;992;1177;765;687;423
11D0409: Torre de Moncorvo;1815;1439;1171;750;612;751;1049;1357;1326;2177;1728;1645;1364;1049;962;819;621;520;517;1676;1205;2146;1320;898;1082;1458;787;671;680;464;874;1067;1418;2212;1556;1092;1086;1421;805;659;399
11D0914: Vila Nova de Foz Côa;1432;1193;821;658;382;633;1067;1694;1753;2409;1623;1291;1276;1043;1009;732;200;873;767;1400;1985;2529;1585;1405;1593;1554;1041;1042;500;742;628;1122;1462;1995;1301;1283;910;983;771;576;225
11D1714: Vila Real;8451;6745;4780;4819;3208;4504;5413;7897;10157;12423;7555;7182;7105;6158;4905;4846;2475;4545;4722;7286;10297;13457;8388;7224;6680;7220;3968;4022;2999;3789;3842;7105;8111;11566;8367;6925;5986;5463;4435;3862;2182
11E: Terras de Trás-os-Montes;23366;24755;20030;16114;13402;18322;18481;23481;27284;50977;31434;24620;23029;19217;18572;17298;13841;19201;15899;23632;26866;48292;29836;22409;21844;25619;16733;16772;12031;16730;14790;22259;25369;43305;28257;22904;19892;23623;16084;14495;9457
11E0401: Alfândega da Fé;1088;938;1251;693;588;686;789;1059;1180;2206;1501;1388;1136;1034;844;857;499;737;613;1049;1135;2051;1317;1121;898;1186;647;717;492;636;? ?;844;959;1699;688;810;578;827;547;? ?;? ?
11E0402: Bragança;12194;12506;9325;7201;6798;9647;8640;11032;13881;22455;14356;11335;11201;9575;9043;8323;7301;10521;8166;11189;12533;19960;13099;9738;10780;12040;6960;7536;5628;7814;7190;9561;10439;15547;10459;9654;9016;10270;6164;6247;4283
11E0405: Macedo de Cavaleiros;1367;1539;1517;1733;979;870;1385;1689;1287;4601;2669;1218;1164;612;592;806;724;1696;1173;1675;1541;3776;2057;1536;882;986;640;923;524;1327;1273;1788;2064;3776;2479;2064;1549;1660;1196;1121;540
11E0406: Miranda do Douro;2402;3390;1825;1351;981;1685;1993;2837;3892;6253;3364;3048;2781;2095;2227;1725;1336;1634;1604;3145;4077;6555;3654;3201;3275;4033;2090;1700;1372;1461;1463;2995;3360;6296;3601;3061;2586;3422;1866;1382;883
11E0407: Mirandela;3496;3697;3770;2859;2026;2666;3232;3845;4513;8673;5398;4860;3752;3663;3795;3768;2552;2516;2718;3631;4612;8372;4992;3895;3657;3977;4322;3524;2493;3097;2822;4341;5239;9216;5993;4198;3498;4495;3949;3500;2183
11E0408: Mogadouro;996;1086;897;668;827;1136;1035;1012;867;2342;1207;1124;1142;948;1038;744;690;989;847;1186;1195;2398;1645;1255;1037;1468;849;799;524;735;? ?;1000;1068;1985;2024;1104;1060;1171;817;666;? ?
11E0410: Vila Flor;408;432;411;369;251;187;317;356;715;2134;1067;568;400;303;326;386;114;288;297;776;843;2339;1329;705;497;685;616;550;532;885;361;577;986;1861;945;530;425;392;311;? ?;? ?
11E0411: Vimioso;397;407;352;308;247;329;276;438;222;938;305;264;287;214;128;203;? ?;233;144;427;299;803;276;295;268;452;169;194;123;240;197;371;330;808;319;394;308;357;151;145;67
11E0412: Vinhais;1018;760;682;932;705;1116;814;1213;727;1375;1567;815;1166;773;579;486;? ?;587;337;554;631;2038;1467;663;550;792;440;829;343;535;337;782;924;2117;1749;1089;872;1029;1083;466;546
19: Centro;465905;444209;362124;289791;279254;335782;358971;433344;519679;772928;539190;444805;441230;382340;371225;299112;264185;338832;290132;405617;491913;731498;536406;417683;407871;419235;300062;292202;255478;297973;279577;387466;456063;726090;537193;414330;375656;388622;271186;246366;195915
191: Região de Aveiro;86778;78343;61342;43472;42688;58257;63033;74176;90184;139709;107891;83516;85760;71501;68398;49914;42525;61388;54306;80277;92602;133874;106776;80898;80724;84426;58803;49298;45073;57409;54478;78493;93367;133600;110147;79996;74752;73187;48182;44671;33037
1910101: Águeda;4255;4529;3807;3535;3831;6566;5348;4444;3776;9600;7364;7246;6539;4745;4516;3824;4747;7237;5650;7829;6504;11126;9881;6603;7017;7262;6596;5893;6281;8101;8046;8296;8910;11776;9859;5361;5850;3747;3586;3684;2878
1910102: Albergaria-a-Velha;2445;1850;1379;1478;1915;2031;1879;2064;2541;4086;2620;1788;2059;1471;1489;1037;1197;2183;1461;1877;1856;3179;2165;1609;1869;2041;1325;1200;1403;1405;1377;1838;1885;4079;2815;2085;1989;1614;1374;1302;1261
1910103: Anadia;8206;5661;4349;4246;3599;5094;5369;6128;7573;13804;8810;7486;8319;5917;6543;3876;2447;4834;3221;6092;5941;13809;10381;6823;7135;6545;4584;2941;3345;3995;3644;6042;9260;13836;11765;6595;5872;6470;2934;1875;1671
1910105: Aveiro;42373;40713;30944;20027;20790;28956;30613;38117;44982;63348;50630;38439;39936;36782;34694;25130;21040;28493;27048;38474;44719;57517;46900;37091;37835;40508;28059;23916;20822;26287;25538;36984;41790;56216;47590;37048;35957;35972;24636;21752;15135
1910108: Estarreja;2432;1992;2243;? ?;? ?;1062;1777;2105;2117;3455;2698;1991;? ?;? ?;? ?;1153;? ?;1413;1606;1949;2416;3232;2705;1951;1994;2142;1413;1413;903;1353;1382;1648;2125;3709;2765;1606;1610;1810;1377;1711;1057
1910110: Ílhavo;9073;9118;6675;5231;5008;6053;6514;7315;10445;16946;12822;9198;8675;7318;7117;5562;5524;6526;5187;7795;10618;15176;11842;8592;7355;9421;4972;5457;4295;5497;4668;7777;10551;14699;11642;8518;6962;8138;4178;4855;3492
1910112: Murtosa;1748;1520;1321;? ?;? ?;819;1335;1618;2082;3985;? ?;1934;2961;1408;976;242;? ?;1238;1112;1914;2788;3224;2509;1874;1968;2035;1060;682;105;1098;872;1711;2403;3216;3637;2484;2236;1976;846;458;222
1910114: Oliveira do Bairro;1375;1277;639;? ?;431;687;793;970;1004;1615;? ?;1338;? ?;? ?;? ?;883;? ?;1087;596;938;839;1546;1531;1105;1183;955;805;699;925;745;574;894;985;1513;1809;1182;1161;1240;724;806;768
1910115: Ovar;12084;9101;8694;5281;4709;5503;7757;9091;11937;13864;13278;9981;10660;8626;7838;5970;4155;6508;6369;10209;12628;16735;13232;11134;10483;9350;7313;4857;4297;6308;5816;9911;11636;16138;12837;11541;10297;8597;6250;6193;4666
1910117: Sever do Vouga;1254;1222;601;372;773;714;729;735;1330;4540;1841;1623;1132;695;452;363;331;665;326;1024;1446;3769;2237;1747;1005;1465;673;396;538;770;603;1037;1746;4266;2365;1531;1034;1291;466;583;546
1910118: Vagos;1533;1360;690;784;427;772;919;1589;2397;4466;3144;2492;2193;2064;2008;1874;1615;1204;1730;2176;2847;4561;3393;2369;2880;2702;2003;1844;2159;1850;1958;2355;2076;4152;3063;2045;1784;2332;1811;1452;1341
192: Região de Coimbra;156819;146034;105556;82476;77897;97005;106914;147187;179960;249799;186548;152380;148687;122845;110271;84787;75875;94310;85823;130978;166383;241842;183572;138962;146740;138579;95605;82990;72397;85629;85440;125406;152916;241425;186590;141903;126649;128403;83417;72672;51607
1920601: Arganil;2550;2680;1605;1168;1601;1895;1989;1976;2792;5677;3405;2491;2428;2136;1714;1673;1505;2054;1480;2465;3083;5002;2753;2304;2458;2805;1963;2169;1741;2264;1652;2525;3372;6062;3264;3230;2558;2806;1914;1717;1361
1920602: Cantanhede;3213;2887;2878;2277;1744;2214;2638;3217;3492;5058;4933;2961;3285;2506;2920;1732;2088;2158;1774;2858;3872;5647;4336;4819;4334;3528;3250;1702;1659;1769;1732;2665;2658;4421;4970;4033;3437;3007;2498;? ?;? ?
1920603: Coimbra;72207;64426;48806;36468;35248;43726;50007;68343;76538;79476;67580;66507;71980;59188;52147;37198;36649;45329;43691;64187;74392;80188;66627;59378;72001;60917;44573;35334;36892;43159;45160;65033;70444;82175;68094;60837;63443;57879;40662;31593;23667
1920604: Condeixa-a-Nova;1989;1877;1390;1265;1418;1532;1627;1749;1834;? ?;1188;1266;1291;? ?;? ?;839;? ?;1349;985;1043;1352;1866;1264;1014;? ?;1783;? ?;1086;779;? ?;? ?;1296;1100;2094;1208;906;1161;936;518;650;173
1920605: Figueira da Foz;34107;28826;21094;16638;15316;18541;20323;32294;43358;63357;48481;34282;29958;24862;19041;17528;13796;14955;16031;27216;38395;63941;49808;33653;29478;32771;19592;18058;12925;14761;15682;23474;35651;66214;52559;35000;26058;26179;14631;14598;8913
1920606: Góis;1025;1055;514;574;509;617;594;896;1198;2928;1796;1299;983;554;619;477;288;547;386;685;1146;2342;1862;961;1084;899;752;536;451;821;589;852;1216;2315;1824;1165;724;1183;582;384;118
1920607: Lousã;3588;3737;3234;2189;2274;3093;2856;3572;4142;6152;4722;3678;3776;3342;2767;2666;1984;3153;2286;3236;4263;5787;4172;3291;3791;4053;2407;2391;1918;2410;2275;3110;3307;5039;3526;2446;2724;2828;1799;1918;1380
1920111: Mealhada;11223;9569;7558;6751;6457;7395;7996;9610;11058;16307;11955;11038;9504;7294;7244;6057;5308;6733;5983;7560;10063;13329;11011;8272;8374;8196;4928;5695;4690;5196;5152;8319;9516;15182;12336;9747;7257;7895;4570;4656;4265
1920608: Mira;6585;5332;2033;1018;838;1336;1433;4731;9083;17156;12437;6348;4649;3787;3660;1255;886;1364;762;5052;8103;16234;12797;6632;4841;5353;2189;1140;932;1016;899;3209;6903;14662;11273;6335;3448;3600;2221;1345;510
1920609: Miranda do Corvo;2522;2801;1935;1469;1780;2099;2039;2519;2294;3984;2032;2098;2067;1700;1532;1230;1157;1560;1308;2153;2213;3494;2495;2182;2299;2146;1530;1273;1165;1469;1437;1784;1794;3160;2943;2390;2406;2622;1618;1504;1212
1920610: Montemor-o-Velho;878;675;672;? ?;? ?;? ?;987;851;1343;? ?;1436;912;819;? ?;? ?;? ?;? ?;? ?;758;522;841;1251;1504;1058;? ?;968;? ?;? ?;? ?;? ?;? ?;591;1348;1267;2135;1257;1327;1451;1649;1537;1281
1921808: Mortágua;4776;9090;3995;3139;2556;3175;3826;5055;7989;16243;7434;4607;4263;3156;5311;3903;1763;2326;1615;2461;4373;13059;4786;2511;2941;2677;2996;2638;1075;1135;959;1693;3060;11750;5739;1309;1969;3842;2969;2930;746
1920611: Oliveira do Hospital;2488;3338;2651;2645;2216;3202;2178;2453;4139;8810;4530;3172;2637;2836;3252;2904;2472;3478;1622;2826;3552;7910;4735;2979;2572;3346;3007;3599;2487;3011;2679;2651;3240;7373;4253;3028;2191;3044;2050;2590;2222
1920612: Pampilhosa da Serra;486;421;418;409;402;695;655;807;598;1201;1031;733;849;521;481;545;623;656;491;686;636;1455;966;790;594;649;713;527;338;437;296;383;495;1373;1019;681;455;489;448;378;365
1920613: Penacova;1555;1496;996;829;771;923;1075;1146;1477;2688;1838;1401;1364;1146;996;790;813;842;843;1113;1484;2864;2254;1474;1728;1359;785;1129;964;901;960;1176;1364;1988;1421;1091;1049;858;693;864;510
1920614: Penela;2179;2044;1574;1105;958;1588;1854;1867;1440;4079;3073;2704;2662;2243;2023;1980;1331;2089;2036;2256;2303;4361;3051;2544;2259;2139;1407;1543;938;2008;1217;2160;2169;4637;2229;2563;1946;2467;1647;1600;1524
1920615: Soure;1692;1519;1023;981;940;1057;1722;2192;2406;4223;2784;1998;2595;1958;1310;907;1181;1720;1263;1603;1955;4800;3953;3038;2336;1918;1538;1190;861;1327;1367;1371;992;3742;2140;2504;1357;3726;907;? ?;? ?
1920616: Tábua;3468;3954;3003;2602;2410;3238;2805;3489;4327;8260;5585;4486;3211;3118;3093;2349;2411;3156;2067;2778;4021;7211;4618;1761;2989;2732;1719;2017;1827;2352;1595;2841;3882;7002;5103;2636;2590;3300;1757;1954;1896
1920617: Vila Nova de Poiares;288;307;177;? ?;? ?;? ?;310;420;452;740;308;399;366;225;182;? ?;? ?;? ?;442;278;336;1101;580;301;339;340;407;? ?;? ?;? ?;398;273;405;969;554;745;549;291;284;145;? ?
193: Região de Leiria;65880;56600;42499;35589;35016;39138;44221;55532;70585;103138;70861;55226;57246;43773;41000;32316;31931;38803;34776;51147;62563;96705;70462;49862;50775;45941;36250;30368;30418;33239;35757;47338;58267;101778;69570;52539;50219;43932;30530;27217;20999
1931002: Alvaiázere;504;349;249;114;176;? ?;? ?;374;580;1022;1049;750;575;? ?;? ?;? ?;? ?;? ?;? ?;270;526;785;708;499;524;490;273;? ?;? ?;? ?;? ?;306;562;1263;780;493;548;246;? ?;? ?;? ?
1931003: Ansião;1021;865;638;350;292;376;515;708;925;1882;1143;1359;1310;971;937;929;1137;1214;1034;1127;1330;1711;1230;705;885;713;428;367;340;378;385;609;829;1448;1184;1492;1100;1390;952;747;303
1931004: Batalha;5799;4958;4568;3859;3541;3735;4806;6038;6977;9542;5931;4718;6129;4641;3942;3573;3342;4254;3979;5735;6918;9697;5375;4967;5512;4318;3865;3107;3088;2703;3967;4853;5542;10207;5332;5038;4824;4545;2829;2869;1588
1931007: Castanheira de Pêra;488;413;? ?;? ?;219;425;318;492;811;1822;1278;693;443;? ?;? ?;174;? ?;? ?;? ?;244;540;1713;1226;444;315;386;? ?;192;168;? ?;174;365;615;2140;1112;709;340;336;? ?;50;86
1931008: Figueiró dos Vinhos;874;861;734;589;523;544;684;803;1198;2298;1639;1250;978;686;706;502;529;514;482;833;1084;2169;1485;1026;920;1172;778;732;778;558;417;582;1051;2202;1387;1112;917;971;1033;724;510
1931009: Leiria;34347;28909;22278;19374;20730;21074;24273;29947;38761;49969;33744;26765;30670;22803;21217;17224;17880;21271;19663;28047;31839;45888;34447;24426;27080;22708;18862;15451;17112;18918;20200;26182;30313;47833;33027;25285;28715;22654;16586;14517;12716
1931010: Marinha Grande;13461;11817;6946;4683;4064;6291;6183;9606;13901;25407;17541;11918;9050;7281;7717;4467;4154;5266;4503;8149;12383;23586;17421;10194;7739;8790;6137;5509;4292;4560;5205;8579;13077;26103;19270;12082;7072;8025;4584;4484;3048
1931013: Pedrógão Grande;129;139;? ?;? ?;73;? ?;? ?;190;170;527;277;184;275;? ?;? ?;? ?;? ?;117;51;168;316;501;409;147;163;163;? ?;? ?;? ?;75;? ?;88;316;484;424;220;101;160;97;? ?;? ?
1931015: Pombal;6164;5501;4419;4083;3494;3985;5005;5119;4963;7643;6306;5835;6018;4949;4387;4062;3590;4307;3827;5119;5365;7539;5832;5524;5953;4970;4081;3615;3403;4013;4050;4263;4253;6643;5387;4753;5056;4147;3303;2687;1881
1931016: Porto de Mós;3093;2788;2451;2353;1904;2202;2011;2255;2299;3026;1953;1754;1798;1594;1408;1063;995;1460;962;1455;2262;3116;2329;1930;1684;2231;1650;1215;1112;1559;1161;1511;1709;3455;1667;1355;1546;1458;876;883;737
194: Viseu Dão Lafões;54307;55331;46922;36312;30091;39223;48151;56682;65599;105143;60721;52344;50076;48912;46380;33279;26257;39828;39479;53099;66097;93074;55709;48401;43776;46849;31261;29838;23944;34292;32757;48931;59346;92245;59314;46431;43657;42629;30750;24848;16469
1940901: Aguiar da Beira;769;638;836;808;407;559;685;811;717;1202;793;746;709;459;826;387;490;532;465;524;508;1316;831;601;682;571;570;512;366;542;889;632;546;1019;1223;862;780;570;736;580;763
1941802: Carregal do Sal;676;769;? ?;606;666;? ?;? ?;775;? ?;? ?;? ?;834;? ?;? ?;? ?;? ?;? ?;? ?;? ?;? ?;? ?;? ?;? ?;? ?;? ?;? ?;? ?;? ?;? ?;? ?;345;? ?;? ?;? ?;? ?;? ?;? ?;? ?;323;? ?;251
1941803: Castro Daire;1200;906;883;401;327;502;762;1543;1859;3417;1521;2040;1861;906;748;446;371;1151;866;1729;3887;2786;1521;3048;1567;1744;559;472;309;3164;733;1464;2238;2994;5154;2288;2732;1478;708;326;129
1941806: Mangualde;2462;1931;1719;2196;1433;1434;2024;3104;3296;7222;2969;2611;2388;2123;1981;1832;2019;1827;1566;2702;3293;6691;3282;2844;2490;2360;1599;1654;1636;1521;1717;2415;3216;6092;2649;2030;2128;2086;1749;1593;1585
1941809: Nelas;4934;5773;4765;3512;3091;4004;4548;5918;5517;12652;6449;4553;4891;4333;3978;3346;2529;4048;3478;5656;5693;9523;4097;2822;2237;2908;1742;1685;1158;2157;1623;3564;3772;7516;3930;3219;2270;3433;927;1218;634
1941810: Oliveira de Frades;539;494;578;401;444;875;682;732;1188;1613;802;651;? ?;548;437;? ?;531;675;661;883;1001;1570;886;955;1045;? ?;? ?;571;617;653;515;576;634;1316;680;551;826;823;471;545;545
1941811: Penalva do Castelo;1085;1259;839;645;365;864;818;1339;1439;2327;1802;1385;1032;939;1095;906;? ?;918;626;1427;1637;2374;1851;1086;997;1224;627;754;482;880;516;1465;1844;2952;1850;990;900;1172;? ?;213;? ?
1941814: Santa Comba Dão;? ?;? ?;186;? ?;? ?;118;123;? ?;226;? ?;508;208;314;165;215;217;108;151;93;191;305;373;515;309;322;343;150;211;165;143;122;363;399;563;381;432;212;320;159;271;109
1941816: São Pedro do Sul;12282;12256;12409;7330;4738;7212;12211;15089;16684;22819;13314;12117;10892;11761;10878;6297;3805;7483;11298;14126;18764;24121;14621;13308;10743;11879;6376;5270;3302;6430;9588;14876;16176;24349;14323;11434;10860;10012;6394;5666;1965
1941817: Sátão;692;412;177;212;233;152;300;212;229;? ?;278;? ?;371;? ?;? ?;? ?;? ?;174;174;204;227;703;282;? ?;250;223;154;? ?;258;180;? ?;309;278;667;397;210;335;182;? ?;111;? ?
1941821: Tondela;3027;3799;2551;2192;1767;2377;2445;2625;4579;7603;4981;4040;3364;3232;2918;2362;2197;3476;3292;3486;4493;7765;5183;3448;3237;3324;2069;2207;1851;2216;1981;2607;4320;5837;3271;2684;2479;2172;1469;1308;721
1941822: Vila Nova de Paiva;? ?;? ?;? ?;? ?;? ?;? ?;? ?;? ?;? ?;? ?;? ?;? ?;? ?;? ?;? ?;? ?;? ?;? ?;? ?;? ?;? ?;? ?;? ?;? ?;? ?;? ?;? ?;? ?;? ?;? ?;? ?;? ?;? ?;? ?;? ?;? ?;? ?;? ?;? ?;? ?;? ?
1941823: Viseu;25046;25432;20453;17482;16148;19515;22006;23172;27010;39555;24081;21190;21781;22266;21388;15502;12171;17555;15683;20185;23595;30511;19274;17621;18472;19372;15676;15278;13110;15542;14101;18734;23421;34180;21934;19815;17926;19030;16434;12293;9320
1941824: Vouzela;1070;1282;531;334;310;829;602;1011;1771;3818;2412;1499;1132;1152;818;550;433;1000;708;1347;1741;3721;2380;1383;1092;1370;445;460;269;423;413;956;1678;2985;2377;1264;1349;842;528;319;189
195: Beira Baixa;25968;24491;18174;15085;13579;17430;18202;24214;27734;42825;30796;27066;25051;20955;20434;17171;12991;20169;17638;25720;26145;43444;34767;25297;22726;25529;17649;17084;14282;16424;16639;23725;25481;40589;31260;25353;23440;25628;17224;14990;13000
1950502: Castelo Branco;10256;9643;8582;6847;6911;8095;8387;10592;10886;13316;11193;10550;10466;8293;8863;7873;6279;8505;8376;10118;9989;13331;11377;11029;10021;9930;8334;7773;7543;8094;8317;10344;9341;12482;10442;10041;10948;12107;10310;9013;7915
1950505: Idanha-a-Nova;4106;3745;2005;2060;1562;2189;1916;3301;4666;8194;5171;4464;3511;2712;2124;2140;1516;2940;2106;3631;3674;8204;6210;3889;3805;4672;2427;2472;1981;2158;2259;4141;4534;8502;6531;4967;3419;4069;1769;1881;1555
1950506: Oleiros;789;990;750;540;? ?;529;710;733;1107;1749;1508;1248;1120;990;? ?;? ?;572;716;855;738;1219;2384;1654;1011;658;894;? ?;? ?;546;741;? ?;827;1049;2036;1283;871;? ?;? ?;? ?;? ?;? ?
1950507: Penamacor;1565;1381;1055;948;822;1409;1222;2016;1562;2330;1801;1884;1800;1541;1561;1600;? ?;2035;1325;1939;1406;2839;2735;1434;1150;1775;1086;? ?;? ?;? ?;? ?;1441;1015;2579;2078;1176;1420;1238;991;630;639
1950508: Proença-a-Nova;835;627;194;219;? ?;266;320;420;494;999;842;557;574;434;? ?;? ?;? ?;172;144;619;713;1353;799;707;377;546;? ?;? ?;? ?;? ?;? ?;455;449;744;495;441;? ?;? ?;? ?;? ?;? ?
1950509: Sertã;6503;5767;3983;3058;2198;3355;4033;5195;6373;11818;7559;6157;5739;5239;4492;3442;1984;3920;3410;5906;6744;11571;8924;5681;5659;6637;3966;3759;2249;2980;3371;5339;7245;12502;8975;6608;5327;5762;2824;1794;1631
1950510: Vila de Rei;599;754;613;559;? ?;576;617;643;967;2260;1089;769;575;684;1106;514;321;620;492;621;842;1443;1602;394;361;396;205;206;161;220;214;397;503;579;470;256;152;251;137;87;126
1950511: Vila Velha de Ródão;1315;1584;992;854;903;1011;997;1314;1679;2159;1633;1437;1266;1062;1049;751;714;1261;930;2148;1558;2319;1466;1152;695;679;675;543;738;559;664;781;1345;1165;986;993;1135;900;428;666;610
196: Beiras e Serra da Estrela;76153;83410;87631;76857;79983;84729;78450;75553;85617;132314;82373;74273;74410;74354;84742;81645;74606;84334;58110;64396;78123;122559;85120;74263;63130;77911;60494;82624;69364;70980;54506;63573;66686;116453;80312;68108;56939;74843;61083;61968;60803
1960902: Almeida;1297;1488;980;869;1080;952;1175;1643;1398;1455;1181;1087;1670;1251;1090;1182;924;896;942;1217;1430;2089;1384;1173;1011;1563;975;1118;1146;1039;1308;1251;1421;2424;1433;1625;1343;1392;1366;1120;913
1960501: Belmonte;2913;2717;2303;2067;1746;2051;1921;1958;3005;4495;2281;2216;3084;2414;2347;2114;1729;2325;1398;2150;2728;4976;2705;2776;2768;3340;1835;2596;2032;2363;1500;2495;2191;4527;2732;2593;2081;2969;1725;2072;1650
1960903: Celorico da Beira;2287;2080;2061;2045;1611;2582;2822;3545;3501;3944;2592;2707;2492;2268;2210;2614;1913;2386;2130;1869;3178;4212;3107;3432;3095;3071;2479;2632;2075;2183;1720;1858;2365;4275;3151;3173;2783;2726;2538;1787;1528
1960503: Covilhã;23423;30743;31109;29941;33008;30427;27430;24630;27377;41095;26471;22025;21677;24171;31963;30509;31146;33047;23681;23042;25435;38530;26797;24127;19711;24703;22270;33536;28898;25301;21382;22157;23346;36425;25522;21548;18471;27417;22723;26251;26422
1960904: Figueira de Castelo Rodrigo;1104;861;394;235;298;451;565;956;1125;1878;1101;1233;1216;635;368;456;219;559;615;943;1094;1389;1297;695;853;1071;759;449;205;692;338;813;1139;2214;1302;1203;944;1013;473;495;236
1960905: Fornos de Algodres;1949;1337;2275;1396;821;1461;1203;1903;2872;5405;3625;2211;2162;1620;1754;1647;1383;1999;1075;3078;2384;5437;2913;3037;1971;2523;1751;1902;1425;1729;1163;2501;2383;5337;3154;2980;2907;2712;1763;1825;1120
1960504: Fundão;14508;9418;15452;10278;13197;14122;15088;14724;15351;18697;10715;14654;13819;12631;12733;12011;11372;9606;6447;5695;12148;15244;11830;12805;9736;9980;6791;9485;7442;6193;5357;6674;8108;12386;10121;8591;6653;6749;7468;5729;6774
1960906: Gouveia;2607;2620;2797;2508;2281;2902;1834;1995;1688;4054;2063;2260;2330;2456;2765;2374;1694;2704;2142;2495;2656;5997;2922;1987;2148;2874;2443;2616;2347;3376;2894;3089;2135;5854;2564;2240;1647;2244;2323;2485;1619
1960907: Guarda;8435;9122;7423;6507;5734;7307;6828;7918;8445;11939;9538;7902;8540;7577;7664;7509;6126;6980;5979;7599;8173;10990;10205;8770;7910;8634;6511;6576;5765;7219;5535;6730;6804;9730;7992;6407;5687;5996;4816;2912;3667
1960908: Manteigas;5585;6300;6656;5700;6080;6609;7389;5710;7221;6858;5657;5083;5211;5808;6029;5804;5523;6934;5719;6008;6661;6760;6233;5086;4811;6420;4530;6296;6109;6998;4448;5510;5207;7678;6726;5748;4816;6890;5724;5244;5800
1960909: Mêda;2104;1950;1727;1297;1268;1431;1691;1944;2487;4068;2524;2088;2273;1636;1601;1611;1303;1726;1417;1920;2193;3614;2133;1565;1441;1988;1262;1444;1300;1663;1533;2227;2444;4234;2263;1977;1934;1816;1274;1556;1204
1960910: Pinhel;312;372;261;271;243;331;433;297;500;1300;538;401;360;287;350;475;140;393;235;202;302;979;454;360;293;406;203;237;110;229;149;196;419;623;308;412;167;317;255;223;142
1960911: Sabugal;1663;2216;1729;1753;1485;1914;1547;2072;2104;4107;2146;1941;1812;1906;2016;1936;1726;2341;1403;1962;1862;3244;2393;1715;1308;2209;1428;1530;1457;1995;1564;2009;1987;3803;2602;2034;1841;2903;1762;1622;1476
1960912: Seia;6333;10735;11491;11015;10674;11543;7622;5188;7218;19789;10138;6842;6466;8431;11117;10303;8985;11311;3971;5033;6380;16182;8628;4874;4383;7178;6519;11322;8384;9016;4351;4601;5179;13556;7835;5903;3778;8114;5712;7545;7586
1960913: Trancoso;1633;1451;973;975;457;646;902;1070;1325;3230;1803;1623;1298;1263;735;1100;423;1127;956;1183;1499;2916;2119;1861;1691;1951;738;885;669;984;1264;1462;1558;3387;2607;1674;1887;1585;1161;1102;666
1D: Oeste e Vale do Tejo;337447;290596;228254;153649;134632;175435;236820;342102;379433;497513;378910;321789;334189;288691;241159;167143;130315;180975;213122;339304;377213;490541;380469;310430;296610;290927;187545;143259;109160;147713;178547;290009;322356;452366;343827;269248;237729;229885;135008;99906;64366
1D1: Oeste;132853;126350;99787;68616;61545;84787;91790;133502;171098;263218;201886;148599;138882;121199;108906;78177;58596;92956;85602;147278;176592;262742;204860;152125;128154;136600;93369;73024;53481;79254;76477;125080;156052;250288;198548;142749;110452;116257;70276;52955;35673
1D11001: Alcobaça;10664;10110;8440;6496;5614;6795;9213;10442;13561;23524;15927;10646;10225;8669;7495;6707;5100;7306;6460;11095;13046;24775;16976;10630;9859;10113;6750;5769;5230;5787;5658;7960;11424;22389;16365;10528;8294;8499;4804;5013;3527
1D11101: Alenquer;3381;2634;1902;1526;1678;769;1032;2019;2452;2546;2487;2656;3059;2208;1506;1272;1598;1060;1435;2600;3036;2669;2736;2447;2265;1817;1196;1010;1011;636;973;1175;1379;1250;1308;1081;1135;785;605;393;278
1D11102: Arruda dos Vinhos;? ?;? ?;? ?;? ?;? ?;? ?;? ?;951;1008;? ?;? ?;? ?;? ?;? ?;? ?;? ?;? ?;? ?;? ?;? ?;875;1292;663;871;? ?;? ?;? ?;? ?;? ?;? ?;? ?;? ?;? ?;? ?;? ?;? ?;? ?;? ?;? ?;? ?;? ?
1D11005: Bombarral;1828;2125;1188;416;400;1040;1360;1228;2552;3044;? ?;2149;? ?;2085;1598;1294;? ?;1231;1661;2525;2959;2961;3015;2613;? ?;? ?;1784;750;947;1468;907;? ?;? ?;? ?;? ?;? ?;? ?;1548;? ?;? ?;? ?
1D11104: Cadaval;? ?;? ?;339;198;140;291;404;608;1133;2089;1485;1031;800;680;595;184;175;415;353;709;1197;2452;3606;649;446;405;457;182;188;344;185;595;966;2286;3545;988;668;760;291;254;84
1D11006: Caldas da Rainha;18242;18063;13851;8447;6031;13950;11084;17459;23000;33093;24301;19183;18332;18297;13914;8321;7567;14358;10487;18216;22345;34628;26120;19840;15280;18196;13203;8227;6325;11132;11135;17670;19509;32293;22867;18070;13641;14709;10565;5957;3617
1D11108: Lourinhã;5624;5145;3895;3162;3143;3481;3600;6484;8325;15231;11328;6814;6246;4659;3732;2903;2646;3129;3549;6368;8131;12813;9690;5978;5462;5827;3149;2402;2033;2317;2943;5675;7438;12975;9891;6388;4677;4698;2873;1999;1626
1D11011: Nazaré;20057;18997;13393;13602;12087;12208;16604;24109;30245;42432;34088;26246;23063;19183;15541;13869;11593;13881;16593;25176;31535;42808;36562;25583;20736;21778;13344;14605;11013;11505;14079;20386;26048;39041;32640;24337;18017;17380;10196;12041;7629
1D11012: Óbidos;25759;24817;20882;13837;13642;22580;18441;26373;28772;46157;35226;25648;27365;22354;24326;16791;12121;24571;17015;28401;28073;44537;32437;26772;25548;26237;18218;13843;8089;21031;14588;25118;27855;42780;34321;26048;21154;24294;12266;9983;7098
1D11014: Peniche;19365;17538;14461;8105;7672;10779;10929;18275;28361;48911;38481;24887;20591;17578;17238;9264;7182;11432;10518;24386;33039;53244;41621;25979;22475;23201;15998;9492;7481;9033;10052;20328;27304;49182;39967;23699;17898;18031;11430;6979;4485
1D11112: Sobral de Monte Agraço;158;75;? ?;? ?;? ?;? ?;? ?;242;320;? ?;223;? ?;177;? ?;? ?;? ?;? ?;? ?;? ?;? ?;241;248;210;125;149;160;? ?;? ?;? ?;? ?;? ?;150;245;219;412;181;131;? ?;- -;? ?;- -
1D11113: Torres Vedras;26289;25497;20878;12307;10404;12261;18199;25312;31369;44737;35181;28463;25663;24631;22240;16887;9607;15062;16907;27099;32115;40315;31224;30638;23003;25892;18553;16210;10722;15437;15342;23265;31334;43102;34071;28250;22332;24911;16207;9679;6574
1D2: Médio Tejo;175741;141154;110710;68599;58651;74272;122553;184562;183089;199802;147084;147117;168289;144581;112179;73616;55072;72203;106633;168341;176207;194316;146019;133386;143872;133024;76318;56464;41759;53746;83100;143362;141544;170199;120082;104150;107003;95469;50486;37165;20852
1D21401: Abrantes;3788;3660;2690;2517;2386;3013;3332;4006;4797;7741;5454;4099;3992;3368;2697;2062;2391;2563;2727;3526;4003;6618;3628;3218;2967;3607;1903;1909;2007;2808;2611;3387;3810;6080;4675;3643;3047;3414;2096;1619;1170
1D21402: Alcanena;1934;1490;1162;698;820;986;1353;1662;1848;2371;1889;1748;1638;1362;1087;? ?;? ?;1163;1591;1689;1390;? ?;1696;1428;1417;1467;683;? ?;? ?;? ?;? ?;1246;? ?;? ?;? ?;? ?;? ?;1332;839;? ?;? ?
1D21408: Constância;936;832;568;400;334;444;631;647;692;? ?;889;709;695;? ?;? ?;? ?;? ?;? ?;? ?;? ?;? ?;1002;? ?;? ?;? ?;? ?;? ?;? ?;? ?;582;647;? ?;705;1147;747;610;562;714;? ?;? ?;? ?
1D21410: Entroncamento;? ?;? ?;? ?;? ?;? ?;? ?;? ?;? ?;? ?;? ?;? ?;? ?;? ?;? ?;? ?;? ?;? ?;? ?;? ?;? ?;? ?;? ?;? ?;? ?;? ?;? ?;? ?;? ?;? ?;? ?;? ?;? ?;? ?;? ?;? ?;? ?;? ?;? ?;? ?;? ?;? ?
1D21411: Ferreira do Zêzere;1812;2116;1739;759;611;1737;1087;1706;3026;6058;4179;2912;1759;1817;1618;1538;555;1546;822;1402;2710;5789;4096;3224;2095;1451;1514;886;409;1330;933;1405;3142;6863;4795;3630;2136;2520;1450;685;369
1D21413: Mação;? ?;? ?;82;131;150;262;313;325;480;644;491;302;231;118;273;364;? ?;201;329;311;300;712;576;334;342;511;120;163;105;454;182;147;233;735;386;295;144;253;216;167;96
1D21421: Ourém;140692;110621;87358;51113;41774;49909;95178;153382;146655;151248;109893;116571;136119;118532;88381;54726;38802;54702;84072;141454;145149;152964;114935;106569;114814;107653;58072;42317;29079;37338;64339;120503;114399;128657;88350;78235;82659;73153;36072;25083;12529
1D21417: Sardoal;309;422;? ?;? ?;? ?;? ?;? ?;? ?;? ?;? ?;? ?;? ?;? ?;? ?;? ?;88;? ?;? ?;180;335;349;468;436;379;193;262;214;277;? ?;216;304;355;277;692;476;303;? ?;? ?;? ?;? ?;? ?
1D21418: Tomar;18537;15539;11030;8478;7734;11978;14075;16080;18705;22672;17173;13838;17101;12411;12321;9201;7411;7381;9981;12898;15020;16415;13773;10896;15211;11878;8531;6476;5220;6858;8804;11141;13494;18015;14861;12105;13197;10404;6088;5434;3252
1D21419: Torres Novas;4273;3754;3502;2763;2821;3456;4006;3984;4013;4941;4369;4352;4301;3916;3214;2660;2819;2698;3978;4114;4175;5071;3602;3734;3293;3119;2678;1795;2165;1621;1998;2355;1985;3373;2334;2066;1929;1777;1739;1446;1133
1D21420: Vila Nova da Barquinha;1023;974;903;390;479;441;700;717;686;725;698;641;718;689;502;426;406;433;761;708;906;930;798;744;585;817;610;578;503;511;657;543;634;968;610;564;628;448;406;450;347
1D3: Lezíria do Tejo;28853;23092;17757;16434;14436;16376;22477;24038;25246;34493;29940;26073;27018;22911;20074;15350;16647;15816;20887;23685;24414;33483;29590;24919;24584;21303;17858;13771;13920;14713;18970;21567;24760;31879;25197;22349;20274;18159;14246;9786;7841
1D31403: Almeirim;2650;1880;1278;1504;1232;1262;2363;2260;2099;3472;3134;2931;2737;2117;2576;2180;2086;1905;2576;2316;2454;3406;3242;3271;2902;2392;2114;1640;1624;1484;2369;2060;2680;3577;2663;3294;2707;1687;1343;818;626
1D31404: Alpiarça;? ?;? ?;? ?;? ?;? ?;? ?;? ?;69;201;326;153;478;? ?;? ?;? ?;? ?;? ?;50;135;175;418;889;333;114;111;? ?;? ?;? ?;? ?;? ?;? ?;? ?;? ?;152;58;? ?;? ?;? ?;- -;? ?;? ?
1D31103: Azambuja;1611;1125;963;1070;1002;878;952;1464;1455;1664;1672;1389;1799;1691;1005;957;889;858;1331;2103;1583;1598;2175;1561;? ?;? ?;1487;893;1214;867;973;1579;2337;1656;1863;1635;1617;974;? ?;? ?;504
1D31405: Benavente;3385;2649;2697;1948;2014;1836;2018;2809;2928;3144;2930;2785;3039;2577;1835;1959;1766;2032;2381;2809;2982;3629;3077;2556;2865;2521;2206;2246;1857;1961;2317;? ?;? ?;4297;3395;2587;2700;2356;2165;1602;1325
1D31406: Cartaxo;1400;871;681;806;571;910;1373;1038;1158;1662;1480;1350;1341;978;793;580;525;513;669;927;1136;1583;1178;993;990;845;642;375;419;689;624;719;898;1154;750;844;674;499;578;368;318
1D31407: Chamusca;585;355;120;173;298;319;647;406;521;? ?;501;367;273;? ?;166;121;? ?;259;393;438;318;805;626;478;290;289;153;166;52;136;242;231;341;980;442;333;123;387;90;? ?;? ?
1D31409: Coruche;2038;1541;1088;927;846;1060;1276;1517;1929;3372;2776;1874;1201;1087;745;566;593;923;574;1233;1268;2810;1918;1447;1159;707;602;798;498;925;592;754;1058;1994;1505;812;1042;960;712;513;349
1D31412: Golegã;1741;1208;944;810;648;986;1558;1053;1435;1958;1265;1102;1483;1275;922;? ?;800;804;1463;916;1151;1437;1286;948;1160;1100;769;918;751;735;1327;1212;1259;1975;1155;982;973;910;635;447;290
1D31414: Rio Maior;2798;2537;1480;1462;1617;2035;2176;2841;2851;4006;3799;2854;3151;2143;2544;1568;1482;1739;2052;? ?;2132;2774;2684;2213;2232;1873;? ?;1207;1426;? ?;? ?;1461;1671;2398;1900;1589;1493;1339;1534;970;678
1D31415: Salvaterra de Magos;? ?;? ?;? ?;? ?;? ?;? ?;? ?;541;297;? ?;487;389;? ?;? ?;? ?;? ?;? ?;222;140;? ?;234;358;267;212;? ?;? ?;254;? ?;? ?;285;218;124;281;269;210;? ?;? ?;? ?;? ?;252;? ?
1D31416: Santarém;12050;10292;7982;7328;5849;6700;9711;10040;10372;13504;11743;10554;11637;10381;9004;6320;7945;6511;9173;10145;10738;14194;12804;11126;10929;9758;8074;5426;5877;6436;8940;10701;10491;13427;11256;10027;8727;8819;5905;3999;3573
1A: Grande Lisboa;1877076;1741542;1553331;1170391;1076678;1196172;1442320;1848057;1864613;2023569;1878570;1765819;1884149;1681907;1604751;1238902;1015212;1172868;1376947;1811269;1830789;1930094;1806183;1684904;1783368;1679812;1474917;1155917;1055139;1114189;1317996;1688346;1729637;1907831;1795053;1617906;1589126;1485917;1131610;791282;499228
1A0: Grande Lisboa;1877076;1741542;1553331;1170391;1076678;1196172;1442320;1848057;1864613;2023569;1878570;1765819;1884149;1681907;1604751;1238902;1015212;1172868;1376947;1811269;1830789;1930094;1806183;1684904;1783368;1679812;1474917;1155917;1055139;1114189;1317996;1688346;1729637;1907831;1795053;1617906;1589126;1485917;1131610;791282;499228
1A01115: Amadora;12663;11454;10857;9653;8720;10005;11348;12607;13062;14031;12293;10684;12105;11151;? ?;9559;? ?;10571;11434;12661;12973;14146;12769;12986;12933;11496;11062;8812;9309;9688;11195;13308;13542;15836;14155;13734;13327;13231;10729;7395;6457
1A01105: Cascais;143468;130507;99964;75112;64995;78209;103560;158718;164027;200996;183709;158485;159733;136250;121683;82241;65310;84097;104094;157757;161023;193794;180358;152983;150462;144827;107139;81529;71635;79142;103187;151076;159852;196875;177563;155674;149686;141295;91729;62404;43381
1A01106: Lisboa;1524962;1423169;1297659;974459;896989;990388;1188776;1486556;1486434;1575537;1466389;1407330;1516396;1370488;1328201;1042049;848481;969192;1139000;1461296;1463716;1499766;1412744;1345382;1440186;1357902;1224375;963919;881154;923979;1088916;1356202;1379144;1481283;1406190;1279928;1268685;1180321;927644;644518;397427
1A01107: Loures;32359;28746;28798;23041;23642;24671;24261;28318;27440;30202;28135;25522;27174;24446;22661;17165;17365;16561;18464;23620;26425;24137;23743;23541;25341;22792;22317;18658;18845;18496;18947;22780;23350;25794;23780;22362;22734;18882;16814;10961;8427
1A01109: Mafra;35855;30073;20763;11642;11004;13631;19700;35559;42798;48146;46227;37986;39745;28894;23029;12574;9834;15141;19185;37364;42578;47669;44065;36065;37973;33837;21186;12258;9491;12823;17211;34018;39387;45321;43530;35684;33176;29344;19822;12651;7476
1A01116: Odivelas;674;603;406;499;673;523;524;572;609;934;555;580;617;629;? ?;347;? ?;419;452;489;613;693;513;659;388;547;482;428;519;359;294;226;281;188;234;193;285;309;460;327;317
1A01110: Oeiras;48630;45768;37564;31261;27706;30245;38600;48709;49957;60776;54695;47798;49093;42213;39692;30176;22211;27885;32492;45613;45880;58712;50150;42308;45898;40126;36035;28048;24964;23388;27722;38570;40676;53050;46055;39435;36225;39088;21654;17332;11015
1A01111: Sintra;71848;65812;50938;40258;38166;44858;50284;70836;73999;87268;80171;71006;72249;62224;53483;40014;37208;44940;45660;65838;70800;84061;75216;64918;63373;62500;46108;37068;33865;41333;44659;65900;66688;82240;77425;65612;59521;58550;38561;32518;22468
1A01114: Vila Franca de Xira;6617;5410;6382;4466;4783;3642;5267;6182;6287;5679;6396;6428;7037;5612;5252;4777;4997;4062;6166;6631;6781;7116;6625;6062;6814;5785;6213;5197;5357;4981;5865;6266;6717;7244;6121;5284;5487;4897;4197;3176;2260
1B: Península de Setúbal;154109;136223;116315;88171;76058;83454;99938;141970;162694;210837;180705;152776;148503;124663;112141;82139;67013;81081;84646;135917;157173;197934;172544;140339;131621;129613;101881;75012;68509;72317;81329;123862;141840;185866;168320;134930;114621;109796;75649;60306;46742
1B0: Península de Setúbal;154109;136223;116315;88171;76058;83454;99938;141970;162694;210837;180705;152776;148503;124663;112141;82139;67013;81081;84646;135917;157173;197934;172544;140339;131621;129613;101881;75012;68509;72317;81329;123862;141840;185866;168320;134930;114621;109796;75649;60306;46742
1B01502: Alcochete;7903;7479;4462;? ?;3566;4432;4737;6843;7567;11477;? ?;5982;7310;? ?;4499;3617;3078;? ?;? ?;? ?;7745;9987;5147;3511;3148;2923;1990;1822;1565;2509;2155;4041;4049;6863;5205;3839;3039;3632;1955;2159;1503
1B01503: Almada;50317;47145;37927;29009;20832;22550;30710;46935;50055;64176;56927;48883;48014;41906;39830;25921;17404;21166;26167;43157;46692;59244;52533;46319;43866;40061;29406;18951;16830;16358;22279;35790;38641;43659;44256;38181;33971;31156;23884;14752;9679
1B01504: Barreiro;1290;1235;1057;? ?;656;763;? ?;? ?;? ?;? ?;1785;980;1118;1276;892;863;752;828;806;954;1024;1124;1127;1155;1471;1118;1397;1249;1413;1001;1051;910;1122;1279;1446;771;951;816;826;662;809
1B01506: Moita;- -;- -;- -;- -;- -;- -;? ?;? ?;? ?;? ?;? ?;- -;- -;? ?;? ?;- -;- -;? ?;? ?;? ?;- -;- -;- -;- -;- -;- -;- -;- -;- -;- -;- -;- -;- -;- -;- -;- -;- -;- -;- -;- -;- -
1B01507: Montijo;18150;16301;15423;12994;13349;14254;14513;16711;16679;17516;16023;16864;16162;15762;13200;12242;13164;13762;13841;16087;15515;16500;16543;15319;15368;15088;14739;12043;13315;13826;12498;14577;14359;16236;15550;16175;13834;13612;10992;9339;9116
1B01508: Palmela;5523;4350;4311;3413;3043;3846;3230;4810;6581;9873;7876;5671;5432;4080;3654;2534;2365;4189;3964;7215;9255;11692;9362;8129;6922;7709;7147;5580;3543;3896;5488;8446;8292;12188;9635;7740;5739;7815;6034;3540;2444
1B01510: Seixal;6812;5573;5101;4211;4311;4876;5087;6304;6290;7749;6451;6086;6165;5371;? ?;4506;3915;4008;4571;5975;6171;6310;6818;6041;6016;5711;5299;4585;4593;4567;5025;5610;6226;8064;6913;6235;5821;5717;5033;4438;4275
1B01511: Sesimbra;25649;19814;17674;11494;10703;12452;15013;24155;30428;41877;35234;29647;25353;18794;15112;11727;6920;9837;8858;21700;28557;39889;35108;25349;19831;22546;13193;10535;7298;9785;9243;20676;27723;41799;37245;26736;19489;17893;8578;8787;4660
1B01512: Setúbal;38465;34326;30360;22231;19598;20281;25328;34733;43376;56008;49255;38663;38949;31504;29610;20729;19415;23859;22534;34103;42214;53188;45906;34516;34999;34457;28710;20247;19952;20375;23590;33812;41428;55778;48070;35253;31777;29155;18347;16629;14256
1C: Alentejo;311155;279945;197922;148543;128749;159306;195274;271580;359896;527815;389997;321698;299333;249260;208538;155369;116085;158764;170012;284728;352768;491748;384490;303224;255776;280033;174004;155131;113861;133545;144763;246817;316256;469561;356898;292686;239451;231792;153039;132537;88351
1C1: Alentejo Litoral;115105;100939;63732;45224;39406;44539;57720;89018;145196;241872;182128;131435;108813;89918;68968;46309;32862;39412;51858;107476;142811;224075;181976;130272;95628;102669;55674;49529;32750;32096;37084;80903;129219;209192;165416;122260;86431;79742;47362;38729;26057
1C11501: Alcácer do Sal;7724;6340;3729;2850;1947;2823;3572;6124;9870;18803;12237;9654;8656;6087;4416;2779;2206;2758;3394;6771;9005;16035;11921;8386;7157;6549;4114;2975;2000;2376;2350;4288;6503;14965;9621;7315;4972;4442;2778;2416;1686
1C11505: Grândola;37092;30021;21285;15764;13741;14515;18710;29277;54492;97745;76582;54041;36694;28379;23660;16101;11373;12703;14984;33155;53046;87031;75779;52223;31763;35337;18972;14112;10871;10044;12291;30376;51428;86104;73702;53353;32343;29018;17132;13915;8436
1C10211: Odemira;36475;32704;19173;11852;10183;11822;15339;28602;45196;66724;53252;37483;35261;29844;21882;11971;8222;10848;12538;30821;45187;66874;54633;39886;32044;34374;17809;12776;9620;9788;10924;26024;42264;62122;48355;37251;28627;27282;14569;11784;8498
1C11509: Santiago do Cacém;15769;15813;9900;7738;6561;8539;10152;10707;15741;30107;20629;15580;13654;13041;9530;7529;5872;6307;9413;17291;17337;26678;20818;16075;13025;13931;7061;9230;5658;5727;6946;11139;16183;26777;21222;16325;13253;11546;7012;6998;4067
1C11513: Sines;18045;16061;9645;7020;6974;6840;9947;14308;19897;28493;19428;14677;14548;12567;9480;7929;5189;6796;11529;19438;18236;27457;18825;13702;11639;12478;7718;10436;4601;4161;4573;9076;12841;19224;12516;8016;7236;7454;5871;3616;3370
1C2: Baixo Alentejo;47733;41402;31723;26603;19862;25321;32744;40713;49407;69451;48869;45638;46510;38471;32232;25671;18782;28295;28373;38967;49870;60549;46122;40590;36346;36817;28746;23814;17531;20541;25689;34890;39055;60163;43739;37689;31700;30236;23261;21544;13668
1C20201: Aljustrel;1371;1186;1121;1077;822;669;994;1035;1115;1898;1198;1174;? ?;1002;? ?;816;? ?;? ?;? ?;1092;1134;1769;? ?;1088;? ?;1007;? ?;667;? ?;588;685;862;? ?;? ?;? ?;? ?;? ?;612;? ?;? ?;402
1C20202: Almodôvar;2265;1691;1373;961;1083;919;1424;1661;2278;4401;3187;2714;1909;1923;1637;1307;1463;1246;1231;1811;2338;3718;3113;2080;2077;2217;1609;1234;1043;881;1019;1353;1687;2971;2469;2088;1308;1198;1112;1287;1327
1C20203: Alvito;828;353;? ?;224;148;217;481;556;1205;1561;838;746;? ?;? ?;591;380;264;637;511;889;1289;1836;1416;991;748;852;355;509;308;391;499;607;1189;1140;1211;1229;781;? ?;503;534;? ?
1C20204: Barrancos;257;473;? ?;179;219;208;107;396;277;439;134;365;? ?;? ?;? ?;109;? ?;? ?;? ?;196;71;599;? ?;553;? ?;346;? ?;166;? ?;185;? ?;? ?;? ?;? ?;? ?;? ?;? ?;? ?;? ?;? ?;? ?
1C20205: Beja;23275;20491;16944;12996;9125;13236;15814;19363;22404;27281;19315;19763;22859;18245;15770;11652;7042;13926;13162;18542;22611;20000;15287;15260;15236;13759;13550;10595;6447;9947;11743;15312;14600;22025;15073;15144;14105;12883;10366;9006;5339
1C20206: Castro Verde;2365;2094;1506;1122;930;919;1241;1849;2440;3028;2617;2586;2415;1949;1587;1218;942;1186;1273;1851;2750;3847;2665;2680;2140;2157;1494;1354;1383;1001;1225;1850;2126;3413;2610;2344;1657;1332;1299;1201;834
1C20207: Cuba;731;444;170;349;152;224;554;706;632;1288;733;734;696;583;478;629;462;369;475;373;1137;1568;1249;1013;521;652;350;547;368;249;334;745;1034;2119;1393;849;600;817;238;776;455
1C20208: Ferreira do Alentejo;2621;2164;1548;1292;1187;1008;1614;2245;2975;4725;3182;3015;3227;1986;1460;1208;925;1822;1601;2091;2611;3973;2588;2990;1769;1740;855;892;405;627;1477;1793;1966;3209;2247;2089;1169;1191;833;541;306
1C20209: Mértola;4736;4944;3489;3001;2307;2723;3091;4596;6289;9584;6620;5269;4223;4552;4040;3111;2484;2937;2769;4412;5979;8688;6964;5257;4542;5280;3853;2828;2518;2121;2771;4701;5783;9749;7497;5409;4388;4611;3093;2978;1318
1C20210: Moura;3061;2466;1563;1571;1226;1636;1920;2801;3204;4655;3588;2653;2777;2655;2002;1835;1502;1912;1997;2487;3464;5014;4095;3086;2874;3206;2089;2010;2160;1879;2327;2745;3701;5455;4128;3205;2578;2626;1894;2163;1322
1C20212: Ourique;1404;1131;752;682;719;700;832;1090;1619;2266;1968;1306;1372;1054;? ?;581;? ?;602;812;1010;1436;1996;1889;1066;1149;880;677;377;288;200;? ?;? ?;1363;1826;1329;734;512;180;511;615;543
1C20213: Serpa;2954;2157;1543;2095;1143;1754;2928;2665;2948;5711;3489;3650;3000;2413;1492;1823;1149;1599;1928;2651;3199;5075;3752;2591;2221;2895;1662;1474;1103;1441;1468;2355;2539;3805;2544;1957;1769;1841;1134;891;787
1C20214: Vidigueira;1865;1808;1229;1054;801;1108;1744;1750;2021;2614;2000;1663;1789;1400;1476;1002;1232;1259;1612;1562;1851;2466;1359;1935;1655;1826;1273;1161;786;1031;1516;1440;1680;2469;1768;1354;1708;1686;1125;845;639
1C3: Alto Alentejo;43257;40582;29984;22535;19833;28365;31281;41880;51057;72933;52304;46790;40720;37008;33313;24294;17937;29034;26025;40127;49888;69998;51612;40925;33181;47364;26118;25285;17981;25303;25236;41385;46717;71519;50712;43712;37862;40646;27270;24852;14907
1C31201: Alter do Chão;3183;3502;2659;1096;1125;2605;2490;3534;3260;2599;2849;3813;3572;3308;2763;1703;448;2649;2091;3726;3572;3208;3346;3163;2509;3961;2005;1585;751;2403;2482;3628;3272;2881;3006;3417;2682;3123;2143;1346;583
1C31202: Arronches;1126;? ?;? ?;? ?;? ?;? ?;? ?;? ?;1280;2440;927;1271;? ?;? ?;? ?;? ?;? ?;? ?;? ?;? ?;1641;2308;2000;1185;860;1091;? ?;? ?;? ?;? ?;? ?;? ?;1380;2379;2002;1237;? ?;? ?;? ?;? ?;? ?
1C31203: Avis;1348;1392;1503;955;866;917;807;1052;2239;3128;2737;1924;1485;1694;1530;1232;1325;1223;1065;1430;1875;2603;1697;1170;779;1735;1107;1449;1199;630;858;1354;1765;2796;1537;1349;1707;1395;1865;1450;545
1C31204: Campo Maior;366;459;345;287;229;290;306;? ?;432;575;459;438;347;300;398;292;168;262;354;231;234;352;396;462;154;249;480;166;153;168;249;317;253;646;362;317;570;633;507;498;415
1C31205: Castelo de Vide;4000;3831;2853;1962;736;1366;1500;4630;4738;7840;5441;4666;4051;3845;3080;2258;723;1443;1597;3436;3722;5641;4265;2811;2558;3528;1167;871;415;1347;1528;3544;3939;7082;4555;4013;3039;3401;2399;1747;753
1C31206: Crato;1445;1290;946;690;? ?;841;857;1177;1389;2531;1361;1570;1238;990;1054;728;148;? ?;? ?;1285;1522;2802;1626;1373;1097;1410;712;803;89;920;831;1286;1277;2781;1981;1325;1058;1541;377;400;89
1C31207: Elvas;13284;12907;9507;7723;7409;9532;10789;11675;14116;19187;12816;12328;11670;10499;10958;7064;6067;9117;8000;10925;14638;20302;12002;9576;8496;13936;8016;7531;6062;7544;6577;10441;13590;20631;12997;11696;9885;10204;8003;7494;4127
1C31208: Fronteira;697;673;370;128;281;500;663;764;926;1317;573;645;526;457;273;125;109;196;598;661;789;971;705;660;564;496;169;66;28;? ?;468;428;534;911;530;488;435;312;117;? ?;? ?
1C31209: Gavião;558;519;287;195;493;513;215;762;793;1215;1190;816;451;616;294;? ?;163;423;299;666;778;1125;1023;588;688;550;157;? ?;? ?;87;268;353;507;1219;817;679;440;318;223;? ?;? ?
1C31210: Marvão;2919;2820;1626;1361;1225;1826;2012;3531;4170;6910;5262;3341;3272;2990;2429;1752;1475;2606;2206;3589;4407;7280;5792;4632;3135;4203;1916;2175;1537;2131;2409;4375;4439;7013;5293;4094;3340;4073;1564;2246;1231
1C31211: Monforte;798;881;? ?;? ?;300;? ?;? ?;732;1005;1904;973;827;? ?;? ?;? ?;? ?;? ?;? ?;271;? ?;848;1045;828;760;674;856;? ?;? ?;? ?;480;? ?;? ?;896;1475;1197;805;? ?;? ?;? ?;? ?;? ?
1C31212: Nisa;2036;1762;1354;1032;1139;1867;1616;2268;2153;3242;2507;2221;1874;1514;1669;1777;994;1970;1522;2111;2431;3733;3150;2349;1487;2262;1254;1729;1160;1570;1705;2582;2292;3651;2758;2102;1688;2317;1332;1772;894
1C31213: Ponte de Sor;7097;5578;3954;3131;2776;3641;4852;6148;9433;12543;10040;8175;6400;5456;4215;3414;2836;3904;3352;5498;8155;11248;8373;6889;5533;7324;4071;4161;2910;4449;2967;5985;8040;10866;8796;8216;7282;6838;4509;4188;3559
1C31214: Portalegre;4187;3743;3022;2773;2516;3057;3762;4244;4818;6827;4581;4391;3575;3837;3387;2988;2882;3025;3399;4529;4847;6573;6115;4977;4486;5505;3870;3332;2799;2893;3585;4907;4178;6668;4463;3693;3826;4265;2972;2645;1974
1C31215: Sousel;213;? ?;226;265;? ?;427;209;273;305;675;588;364;564;235;270;91;? ?;424;149;312;429;807;294;330;161;258;265;136;44;182;160;176;355;520;418;281;147;245;113;? ?;? ?
1C4: Alentejo Central;105060;97022;72483;54181;49648;61081;73529;99969;114236;143559;106696;97835;103290;83863;74025;59095;46504;62023;63756;98158;110199;137126;104780;91437;90621;93183;63466;56503;45599;55605;56754;89639;101265;128687;97031;89025;83458;81168;55146;47412;33719
1C40701: Alandroal;1716;1423;1085;705;808;872;950;1514;2428;4010;2354;1895;1531;986;871;683;386;857;925;1269;1784;3414;1922;1648;836;1244;490;435;514;682;539;797;1584;2267;1547;1208;727;744;453;506;325
1C40702: Arraiolos;2824;2448;1782;1086;527;1451;1827;2087;3107;4663;2916;2382;2226;2048;1983;1487;668;1996;1593;2221;2751;4296;2864;2223;2103;1956;1563;1270;931;1459;1294;2074;2596;4245;2545;2524;2238;2333;1166;1028;974
1C40703: Borba;191;120;171;129;49;? ?;? ?;172;346;641;385;228;100;? ?;? ?;? ?;? ?;174;187;258;261;189;253;168;181;114;141;? ?;? ?;243;343;297;361;318;? ?;172;125;95;57;? ?;169
1C40704: Estremoz;8130;6991;5078;3693;3549;4339;5268;6885;7779;10389;7038;6160;7213;5435;5113;4197;3572;4664;4711;6900;6844;9104;5455;5630;5630;6035;3382;2712;2174;2758;3695;5135;6281;7249;4288;4690;4285;5024;2796;2025;1159
1C40705: Évora;70831;65986;50816;38984;36386;42985;51369;68726;73761;83773;66939;63872;70954;58780;51494;41413;33834;41279;44348;68420;75611;85503;68005;60962;64410;64176;46635;41881;33615;39478;40751;63536;67022;79320;63658;59097;57771;54928;40195;33460;23603
1C40706: Montemor-o-Novo;5134;4946;3388;2607;1952;2158;3503;4690;5375;9148;6105;5600;3939;2971;2845;2463;1625;2369;2421;4110;4025;6138;4662;4092;3595;3331;2196;1856;1717;1968;2069;3265;3995;5804;4205;3771;3393;3090;1620;1691;1819
1C40707: Mora;461;450;244;139;193;307;246;403;708;1306;938;764;312;? ?;? ?;? ?;? ?;235;187;275;427;688;508;434;317;449;270;? ?;? ?;? ?;? ?;260;349;641;? ?;410;231;? ?;? ?;232;134
1C40708: Mourão;1313;1311;874;560;256;643;824;1211;2114;3499;1925;1386;1369;978;772;738;486;1153;776;1263;2390;3206;2049;1573;1236;1872;697;824;559;865;429;1320;2153;3298;2148;1555;939;914;483;485;327
1C40709: Portel;304;405;220;? ?;? ?;? ?;286;525;849;1654;736;590;589;495;? ?;391;? ?;388;399;466;547;938;741;732;570;572;392;? ?;? ?;393;342;553;892;1180;833;689;560;648;386;397;330
1C40710: Redondo;1599;1315;843;555;? ?;767;811;1324;1871;2935;1621;1528;1565;1142;1134;986;695;1186;521;1313;1750;3477;2326;1800;1512;1511;842;793;625;816;909;1611;2131;3749;2613;2076;1858;2025;1022;965;767
1C40711: Reguengos de Monsaraz;7355;6761;4757;2614;2445;3824;4675;7061;9569;12718;9751;8489;7698;6091;4954;3207;2084;4250;3823;6494;8110;11362;9268;7056;5735;6895;3980;3140;2271;3253;3013;5828;7978;11644;8859;7613;6252;6583;3990;3276;2086
1C40712: Vendas Novas;592;323;495;664;792;483;858;853;877;639;778;559;601;443;470;400;332;336;? ?;686;387;712;1067;835;621;305;? ?;? ?;456;407;592;867;686;805;517;918;636;? ?;? ?;? ?;478
1C40713: Viana do Alentejo;489;356;139;? ?;? ?;131;? ?;186;273;578;865;616;657;267;? ?;? ?;? ?;102;? ?;210;265;873;643;300;243;224;? ?;? ?;? ?;? ?;? ?;246;420;1211;516;446;441;279;? ?;- -;- -
1C40714: Vila Viçosa;4121;4187;2591;2028;2036;2828;2781;4332;5179;7606;4345;3766;4536;3835;3414;2614;2076;3034;3290;4273;5047;7226;5017;3984;3632;4499;2480;2595;2021;2994;2559;3850;4817;6956;4602;3856;4002;3695;2385;2830;1548
15: Algarve;2008869;1841359;1138922;774754;570502;629549;846667;2086169;2426592;3223008;2838510;2327768;2076391;1666842;1251876;818080;563350;614357;820518;2071317;2402161;3181862;2805543;2239992;1968201;1834975;1092606;782376;546804;550489;750505;1907121;2349110;3228888;2861164;2233405;1862959;1622076;866401;586772;343900
150: Algarve;2008869;1841359;1138922;774754;570502;629549;846667;2086169;2426592;3223008;2838510;2327768;2076391;1666842;1251876;818080;563350;614357;820518;2071317;2402161;3181862;2805543;2239992;1968201;1834975;1092606;782376;546804;550489;750505;1907121;2349110;3228888;2861164;2233405;1862959;1622076;866401;586772;343900
1500801: Albufeira;752648;672050;361569;227630;148363;191205;257165;800544;924271;1202219;1097355;917661;823933;646979;437817;256084;162633;207650;271391;818737;922830;1206459;1095636;893667;793219;746840;389348;256652;169600;181135;225321;731935;886180;1212484;1090373;868862;740270;644181;294834;171374;91991
1500802: Alcoutim;1264;1107;711;683;? ?;616;794;1170;1722;2052;1938;1563;1241;? ?;? ?;734;? ?;? ?;? ?;1122;1612;2139;1889;1390;1143;1422;1119;840;810;641;? ?;1411;1630;2751;2067;1473;1351;1118;734;? ?;346
1500803: Aljezur;18625;18405;9632;5192;2885;4030;7570;18314;21321;29669;22879;17701;19821;16975;10116;5068;2838;4555;6762;16554;19932;27526;20551;15647;15376;15077;8186;3731;2297;3524;4976;13937;16045;24584;19632;14801;12172;11547;6209;3749;2305
1500804: Castro Marim;6505;7401;3884;4191;4040;2800;3542;10206;20241;35479;28917;18079;9476;5975;5352;6621;4838;3985;3351;13033;19993;33578;26441;17247;12721;14998;10716;10365;7274;6488;8040;12271;19450;31064;24371;21032;14445;12268;8584;9643;6879
1500805: Faro;74688;70159;55547;43878;37506;36749;43553;67025;78260;93260;73692;69426;66280;61963;53916;43836;34587;35056;42679;63629;71641;84702;72506;63840;61288;57878;50001;38447;32194;32918;39325;56349;65811;83125;72952;63776;61058;56178;39369;27507;15885
1500806: Lagoa;174423;164528;96918;59136;39586;47952;65875;187272;199907;276722;243206;195046;173065;142075;108860;67112;36582;41582;57884;185801;198960;282010;257409;193784;166796;155075;80842;59099;33705;37421;55815;176572;222133;298951;264366;203611;164064;155823;64291;46298;25958
1500807: Lagos;170708;154590;106283;63099;46864;51854;71908;173896;197118;258500;224304;188941;169652;134544;104495;61997;44362;48021;69022;169590;196991;250936;223472;185495;160303;137288;90881;55471;40351;42596;62093;152546;181578;237415;218949;173738;145974;125809;69507;41157;25377
1500808: Loulé;274236;254742;181496;139119;111066;104693;150768;266912;318049;425485;376317;315667;283391;237062;191099;140764;106353;101532;147326;268394;313171;413584;370306;303932;267219;247054;169039;136104;99543;89343;132701;261571;302952;413424;371029;305604;261181;237076;150513;117115;64781
1500809: Monchique;8763;9149;6636;1417;1083;7365;6690;11333;13738;20710;16287;9424;8375;5011;5888;2129;1512;2100;4328;8715;10741;20221;17186;10993;7881;7335;3372;1534;1342;1126;2503;8025;10530;19397;15730;8214;5599;6317;3322;1086;789
1500810: Olhão;24834;22430;17154;13676;11831;9618;11234;25420;30579;43301;34873;26226;24409;21045;17635;11146;8398;8958;10881;20506;24449;37197;29685;22008;20671;20255;14028;9573;7536;7224;10076;17938;23848;36617;31005;22774;16956;17491;10565;6453;3259
1500811: Portimão;264750;240015;132922;80657;59054;63794;100374;289039;334961;466219;406153;305067;261663;193256;142978;85258;63835;63216;89722;263402;327288;452908;366057;269172;231973;209622;115836;78244;54649;58274;92183;246696;328594;456373;401168;289636;224062;153239;88970;57497;34114
1500812: São Brás de Alportel;1527;979;665;520;? ?;246;484;1496;2345;3256;2127;1935;1284;? ?;? ?;432;? ?;? ?;? ?;1721;2415;3137;1676;1628;1277;1145;874;474;291;594;? ?;1555;3012;4063;3008;2169;1716;1090;632;? ?;163
1500813: Silves;29576;26302;17253;11940;7826;5974;8310;24070;32531;48810;37071;32350;29049;23507;16518;13610;7966;5835;8066;26501;41354;51168;45733;36359;34375;30210;21954;18147;13221;9397;12223;30265;40360;52469;45402;35442;33515;26446;18130;15167;12809
1500814: Tavira;78107;68035;51583;41575;27540;30034;40675;73655;89412;104610;95259;79600;74265;59320;52765;40240;19679;24356;31114;75677;88169;100090;92812;75154;68079;67782;45621;33488;19811;20829;25574;63606;84504;100725;83769;65496;56763;53101;33190;21490;12588
1500815: Vila do Bispo;40723;46153;28863;19596;14702;20950;23590;53185;51914;67331;57586;46593;48259;41372;33822;20247;14905;20696;24035;52519;53357;69529;60934;49293;42381;41096;26821;16270;11534;15229;19379;49403;49392;71887;60746;50170;40696;42051;21240;15252;9625
1500816: Vila Real de Santo António;87492;85314;67806;62445;57671;51669;54135;82632;110223;145385;120546;102489;82228;75631;68687;62802;54430;46098;53400;85416;109258;146678;123250;100383;83499;81898;63968;63937;52646;43750;59061;83041;113091;183559;156597;106607;83137;78341;56311;52062;37031
2: Região Autónoma dos Açores;317694;270825;192685;125431;99768;96101;153609;274234;364835;444043;402681;334133;300544;236424;181626;118865;89181;94169;132406;246951;331583;408383;374855;310493;255567;224318;164943;105640;93044;98854;124001;236420;297011;369542;347363;285461;231204;189483;134827;83594;60271
20: Região Autónoma dos Açores;317694;270825;192685;125431;99768;96101;153609;274234;364835;444043;402681;334133;300544;236424;181626;118865;89181;94169;132406;246951;331583;408383;374855;310493;255567;224318;164943;105640;93044;98854;124001;236420;297011;369542;347363;285461;231204;189483;134827;83594;60271
200: Região Autónoma dos Açores;317694;270825;192685;125431;99768;96101;153609;274234;364835;444043;402681;334133;300544;236424;181626;118865;89181;94169;132406;246951;331583;408383;374855;310493;255567;224318;164943;105640;93044;98854;124001;236420;297011;369542;347363;285461;231204;189483;134827;83594;60271
2004301: Angra do Heroísmo;33001;29043;25342;17397;14721;13014;21718;32360;41321;55423;44996;38880;31183;28185;22830;15337;11184;13651;16599;26871;36175;45483;37345;33952;22825;22088;18052;13259;12715;12251;15937;26933;31836;42252;38097;33990;28250;27109;25895;16496;9596
2004501: Calheta (R.A.A.);? ?;? ?;? ?;? ?;? ?;? ?;? ?;? ?;1139;? ?;? ?;? ?;? ?;? ?;? ?;? ?;? ?;? ?;? ?;? ?;? ?;? ?;? ?;? ?;? ?;347;? ?;? ?;? ?;? ?;? ?;? ?;? ?;? ?;? ?;? ?;373;? ?;? ?;? ?;? ?
2004901: Corvo;? ?;? ?;? ?;? ?;? ?;? ?;? ?;? ?;? ?;? ?;? ?;? ?;? ?;? ?;? ?;? ?;? ?;? ?;? ?;? ?;? ?;? ?;? ?;? ?;? ?;? ?;? ?;? ?;? ?;? ?;? ?;? ?;? ?;? ?;? ?;? ?;? ?;? ?;? ?;? ?;? ?
2004701: Horta;22636;13952;13131;6894;5374;4848;8660;16492;25219;32983;29756;22868;22610;14338;10336;6301;4557;5034;8082;14956;24843;31434;28103;21674;18789;12940;9988;4789;4855;5292;7657;15232;22413;29864;26981;21145;18532;12146;8206;4940;3606
2004201: Lagoa (R.A.A.);16239;14845;9142;5620;3925;5645;7071;13763;16935;21130;19493;13113;12302;10765;8355;5616;4045;4101;6388;11593;12933;15579;14942;12668;11028;10161;7138;2925;2074;4790;6231;9500;12193;13686;13009;10421;7835;5475;3277;2119;1306
2004801: Lajes das Flores;2739;2269;553;526;227;? ?;457;1589;3690;4928;4109;3300;2242;1279;509;212;161;? ?;378;1617;3254;4165;3318;2526;1940;? ?;? ?;340;300;261;572;1166;1786;2412;2048;1814;1756;1686;553;560;411
2004601: Lajes do Pico;2665;1992;631;281;219;211;547;1800;3301;4455;3158;2714;2761;1576;546;235;206;280;749;1624;2762;3756;2982;2372;2320;1698;507;423;353;373;478;1413;2853;3139;2933;2613;2358;1811;687;422;1235
2004602: Madalena;12947;10163;4390;2437;2270;1416;3575;9680;15243;18910;16318;13125;10939;7038;3873;2141;2404;1414;3041;8420;13100;16506;15169;12174;9760;6780;3445;1744;2570;1426;2597;6844;10459;13941;13232;10282;7635;4944;2422;1489;1419
2004202: Nordeste;3037;2444;1687;1210;932;1247;1120;3309;3780;4294;4234;3674;3229;2265;1317;1184;720;1000;1318;2114;3246;3986;3983;3229;2048;2155;1033;804;444;1127;1050;2119;2767;3738;3150;2427;1455;1375;713;336;341
2004203: Ponta Delgada;159204;144211;104479;70144;54863;53357;82457;140383;175097;201716;190004;165688;154654;127835;100954;66887;49372;49649;71105;129770;160632;188263;178932;152091;130673;121425;95833;59707;50206;50740;64154;124885;144605;170150;163732;139176;115975;97359;65764;35971;25837
2004204: Povoação;12578;11057;7880;5028;4749;4412;7283;11181;13842;14591;13663;10970;11615;8823;6464;4616;3303;4675;5747;10053;12750;14794;14447;11962;10469;8726;6764;5136;4641;5330;6182;10873;12352;14201;13763;12450;10451;8169;5755;4899;3729
2004205: Ribeira Grande;16483;14818;7857;4724;3941;4095;7245;14024;17037;20208;19775;16953;16366;11555;8349;4725;4154;5000;5782;14106;16682;21215;20202;16679;14978;14355;7559;6039;5656;6363;7498;15038;15690;19283;18677;15511;13461;12001;8626;6709;5339
2004401: Santa Cruz da Graciosa;1424;768;731;349;489;266;837;1333;? ?;3795;3141;2073;1262;1224;1041;688;602;709;973;1190;2476;3679;2555;1655;1512;992;583;641;543;392;632;1273;2036;4035;2593;1663;948;951;836;711;311
2004802: Santa Cruz das Flores;2391;1180;619;543;434;715;951;2345;4126;4686;4166;3797;2796;1666;1311;571;546;844;1028;2253;3322;4427;3953;3648;3090;1757;1280;508;448;731;796;2156;3832;4468;4148;3730;? ?;? ?;1075;572;467
2004603: São Roque do Pico;2764;2343;973;454;391;451;1139;2269;4984;7131;6358;4350;3046;1927;979;477;349;156;775;2128;4215;6469;5150;3476;2317;1639;370;367;253;165;423;1053;2993;5204;4827;2727;1365;1226;363;449;258
2004502: Velas;6544;4573;2450;1731;? ?;973;2021;4373;7743;11248;9894;7586;5838;3563;1994;1074;1165;776;1590;3794;6974;10773;9283;6692;4487;2484;1332;1052;929;988;2145;3193;6056;9057;8373;5602;3248;1385;1271;824;628
2004302: Vila da Praia da Vitória;8524;7750;6765;4421;3631;3165;6092;7920;10496;14909;13556;10927;8035;6248;6117;4645;3762;3366;4726;7118;10484;14548;13586;11533;8692;7993;5805;4107;4344;3631;3851;6860;8639;13873;12382;9107;6441;5732;5012;3698;3715
2004101: Vila do Porto;4059;2486;1746;1240;858;725;1414;3417;7696;9542;8227;4493;4354;2577;2319;1649;? ?;1028;1557;3198;6799;9280;7549;4393;3012;2100;1917;1229;825;? ?;1556;2935;5824;7096;6470;3651;2419;1131;926;? ?;506
2004206: Vila Franca do Campo;9571;5813;3851;? ?;1342;1314;533;6837;10271;11877;10278;8551;6330;5053;3897;2210;1318;1969;2271;5367;9509;12272;11689;8813;6801;4671;2499;2161;1608;3933;1849;4337;9536;11482;11133;8155;4972;4466;2807;2440;1270
3: Região Autónoma da Madeira;897010;843616;783142;671775;630989;635217;727282;852994;884763;980656;938355;858298;861570;784874;763650;649912;576740;583635;677429;829136;876902;982207;926285;827025;814937;787942;731700;615367;591405;573340;635918;782971;833578;977217;916058;822591;779420;735252;579890;396171;348127
30: Região Autónoma da Madeira;897010;843616;783142;671775;630989;635217;727282;852994;884763;980656;938355;858298;861570;784874;763650;649912;576740;583635;677429;829136;876902;982207;926285;827025;814937;787942;731700;615367;591405;573340;635918;782971;833578;977217;916058;822591;779420;735252;579890;396171;348127
300: Região Autónoma da Madeira;897010;843616;783142;671775;630989;635217;727282;852994;884763;980656;938355;858298;861570;784874;763650;649912;576740;583635;677429;829136;876902;982207;926285;827025;814937;787942;731700;615367;591405;573340;635918;782971;833578;977217;916058;822591;779420;735252;579890;396171;348127
3003101: Calheta (R.A.M.);41857;42241;33599;30756;26087;26532;34154;40295;42105;46943;45117;41000;41527;39835;36121;27189;21342;20171;30127;35541;38580;43453;42718;36909;38003;38130;33176;23484;25751;21854;27694;32770;33858;41567;39401;34572;34321;35578;27854;21463;16432
3003102: Câmara de Lobos;21569;21454;20866;17143;14761;11825;15011;20838;21763;25398;23891;19130;21303;18430;18550;16513;12060;10480;13112;18841;21767;26118;23207;19208;20356;20064;19209;16014;11058;11009;11699;16622;21170;25139;20951;17466;17962;17914;11179;7847;7839
3003103: Funchal;564909;538020;511001;453063;433815;432357;479661;555397;568362;624620;593400;548250;561758;526996;515067;456894;418762;410831;469517;549233;560757;619778;585785;530452;535117;524017;491239;427652;425801;416311;453266;530347;544976;627223;590630;535450;527877;520724;427446;300312;260286
3003104: Machico;40823;38323;36817;30612;26065;28658;32833;18923;19824;21667;21743;20778;20303;16914;16746;13279;7850;12678;13529;13508;15721;17453;16171;15023;16419;13865;16167;12805;11669;10708;11049;14607;15207;16972;16084;15746;16103;13815;7363;2712;3178
3003105: Ponta do Sol;9780;9389;8761;6959;7726;8271;8686;9940;9789;10564;10430;10026;10104;9232;9542;7904;8104;7384;7992;8877;8979;9753;9539;8548;8987;8806;9031;7569;7940;7034;7518;8269;7786;9339;9139;8004;8675;8573;7809;5788;5143
3003106: Porto Moniz;11688;11064;8467;7085;7491;7883;8947;10300;10749;11508;10905;8857;9528;8995;7584;6347;7137;7416;7750;8869;9370;9561;9641;7372;7651;7999;7599;6786;6492;5908;6206;7346;7833;8794;8156;7386;7640;7333;5481;4377;4496
3003107: Ribeira Brava;11418;10068;8480;5875;4432;5380;6143;8282;10234;10021;9652;9834;10642;8990;7560;5445;4349;5562;5387;8136;10266;10149;9079;8129;7494;6856;6435;5042;4018;4106;4021;5226;6117;6938;6746;6025;6281;6165;3830;1915;1724
3003108: Santa Cruz;105660;105677;99846;80615;75023;77381;89686;99610;101819;115151;111243;98860;101864;94762;95080;74115;64135;73312;84047;101198;105218;122010;116776;101451;102138;97447;94626;78828;69249;66752;73454;88347;96775;114822;106370;95124;93231;70458;50530;30070;29999
3003109: Santana;17043;15684;13544;10100;8788;9501;11975;15202;15200;16152;16907;14117;15768;15110;13963;10078;8327;8471;10605;13407;14421;15833;15372;13773;14933;14752;14466;11376;8385;8765;9092;11427;12987;14485;14131;12963;13422;13324;8701;5557;4747
3003110: São Vicente;23335;22079;20144;15084;13880;14041;15661;18775;21013;23750;24737;21840;20167;18890;18458;15470;12831;12646;14413;18234;21354;22877;21896;18670;19716;17737;16673;13909;11679;10558;12254;17223;18536;21566;21375;16736;17709;15312;10994;7204;6829
3003201: Porto Santo;48928;29617;21617;14483;12921;13388;24525;55432;63905;74882;70330;65606;48606;26720;24979;16678;11843;14684;20950;53292;70469;85222;76101;67490;44123;38269;23079;11902;9363;10335;19665;50787;68333;90372;83075;73119;36199;26056;18703;8926;7454
